# Blender 4.5.5 LTS
# www.blender.org
mtllib primitives.mtl
o Cube
v 1.000000 1.000000 -1.000000
v 1.000000 -1.000000 -1.000000
v 1.000000 1.000000 1.000000
v 1.000000 -1.000000 1.000000
v -1.000000 1.000000 -1.000000
v -1.000000 -1.000000 -1.000000
v -1.000000 1.000000 1.000000
v -1.000000 -1.000000 1.000000
vn -0.0000 1.0000 -0.0000
vn -0.0000 -0.0000 1.0000
vn -1.0000 -0.0000 -0.0000
vn -0.0000 -1.0000 -0.0000
vn 1.0000 -0.0000 -0.0000
vn -0.0000 -0.0000 -1.0000
vt 0.625000 0.500000
vt 0.875000 0.500000
vt 0.875000 0.750000
vt 0.625000 0.750000
vt 0.375000 0.750000
vt 0.625000 1.000000
vt 0.375000 1.000000
vt 0.375000 0.000000
vt 0.625000 0.000000
vt 0.625000 0.250000
vt 0.375000 0.250000
vt 0.125000 0.500000
vt 0.375000 0.500000
vt 0.125000 0.750000
s 0
usemtl Material
f 1/1/1 5/2/1 7/3/1 3/4/1
f 4/5/2 3/4/2 7/6/2 8/7/2
f 8/8/3 7/9/3 5/10/3 6/11/3
f 6/12/4 2/13/4 4/5/4 8/14/4
f 2/13/5 1/1/5 3/4/5 4/5/5
f 6/11/6 5/10/6 1/1/6 2/13/6
o Plane
v -1.000000 0.000000 1.000000
v 1.000000 0.000000 1.000000
v -1.000000 0.000000 -1.000000
v 1.000000 0.000000 -1.000000
vn -0.0000 1.0000 -0.0000
vt 0.000000 0.000000
vt 1.000000 0.000000
vt 1.000000 1.000000
vt 0.000000 1.000000
s 0
f 9/15/7 10/16/7 12/17/7 11/18/7
o Circle
v 0.000000 0.000000 -1.000000
v -0.195090 0.000000 -0.980785
v -0.382683 0.000000 -0.923880
v -0.555570 0.000000 -0.831470
v -0.707107 0.000000 -0.707107
v -0.831470 0.000000 -0.555570
v -0.923880 0.000000 -0.382683
v -0.980785 0.000000 -0.195090
v -1.000000 0.000000 0.000000
v -0.980785 0.000000 0.195090
v -0.923880 0.000000 0.382683
v -0.831470 0.000000 0.555570
v -0.707107 0.000000 0.707107
v -0.555570 0.000000 0.831470
v -0.382683 0.000000 0.923880
v -0.195090 0.000000 0.980785
v 0.000000 0.000000 1.000000
v 0.195090 0.000000 0.980785
v 0.382683 0.000000 0.923880
v 0.555570 0.000000 0.831470
v 0.707107 0.000000 0.707107
v 0.831470 0.000000 0.555570
v 0.923880 0.000000 0.382683
v 0.980785 0.000000 0.195090
v 1.000000 0.000000 0.000000
v 0.980785 0.000000 -0.195090
v 0.923880 0.000000 -0.382683
v 0.831470 0.000000 -0.555570
v 0.707107 0.000000 -0.707107
v 0.555570 0.000000 -0.831470
v 0.382683 0.000000 -0.923880
v 0.195090 0.000000 -0.980785
l 14 13
l 15 14
l 16 15
l 17 16
l 18 17
l 19 18
l 20 19
l 21 20
l 22 21
l 23 22
l 24 23
l 25 24
l 26 25
l 27 26
l 28 27
l 29 28
l 30 29
l 31 30
l 32 31
l 33 32
l 34 33
l 35 34
l 36 35
l 37 36
l 38 37
l 39 38
l 40 39
l 41 40
l 42 41
l 43 42
l 44 43
l 13 44
o Sphere
v 0.000000 0.831470 -0.555570
v 0.000000 0.555570 -0.831470
v 0.000000 0.195090 -0.980785
v 0.000000 0.000000 -1.000000
v 0.000000 -0.195090 -0.980785
v 0.000000 -0.555570 -0.831470
v 0.038060 0.980785 -0.191342
v 0.074658 0.923880 -0.375330
v 0.108386 0.831470 -0.544895
v 0.137950 0.707107 -0.693520
v 0.162212 0.555570 -0.815493
v 0.180240 0.382683 -0.906127
v 0.191342 0.195090 -0.961940
v 0.195090 0.000000 -0.980785
v 0.191342 -0.195090 -0.961940
v 0.180240 -0.382683 -0.906127
v 0.162212 -0.555570 -0.815493
v 0.137950 -0.707107 -0.693520
v 0.108386 -0.831470 -0.544895
v 0.074658 -0.923880 -0.375330
v 0.038060 -0.980785 -0.191342
v 0.074658 0.980785 -0.180240
v 0.146447 0.923880 -0.353553
v 0.212608 0.831470 -0.513280
v 0.270598 0.707107 -0.653281
v 0.318190 0.555570 -0.768178
v 0.353553 0.382683 -0.853553
v 0.375330 0.195090 -0.906127
v 0.382683 0.000000 -0.923879
v 0.375330 -0.195090 -0.906127
v 0.353553 -0.382683 -0.853553
v 0.318190 -0.555570 -0.768178
v 0.270598 -0.707107 -0.653281
v 0.212608 -0.831470 -0.513280
v 0.146447 -0.923880 -0.353553
v 0.074658 -0.980785 -0.180240
v 0.108386 0.980785 -0.162212
v 0.212608 0.923880 -0.318190
v 0.308658 0.831470 -0.461940
v 0.392847 0.707107 -0.587938
v 0.461940 0.555570 -0.691342
v 0.513280 0.382683 -0.768178
v 0.544895 0.195090 -0.815493
v 0.555570 0.000000 -0.831469
v 0.544895 -0.195090 -0.815493
v 0.513280 -0.382683 -0.768178
v 0.461940 -0.555570 -0.691342
v 0.392847 -0.707107 -0.587938
v 0.308658 -0.831470 -0.461940
v 0.212608 -0.923880 -0.318190
v 0.108386 -0.980785 -0.162212
v 0.137950 0.980785 -0.137950
v 0.270598 0.923880 -0.270598
v 0.392847 0.831470 -0.392847
v 0.500000 0.707107 -0.500000
v 0.587938 0.555570 -0.587938
v 0.653281 0.382683 -0.653281
v 0.693520 0.195090 -0.693520
v 0.707107 0.000000 -0.707107
v 0.693520 -0.195090 -0.693520
v 0.653281 -0.382683 -0.653281
v 0.587938 -0.555570 -0.587938
v 0.500000 -0.707107 -0.500000
v 0.392847 -0.831470 -0.392847
v 0.270598 -0.923880 -0.270598
v 0.137950 -0.980785 -0.137950
v 0.162212 0.980785 -0.108386
v 0.318190 0.923880 -0.212608
v 0.461940 0.831470 -0.308658
v 0.587938 0.707107 -0.392847
v 0.691342 0.555570 -0.461940
v 0.768178 0.382683 -0.513280
v 0.815493 0.195090 -0.544895
v 0.831470 0.000000 -0.555570
v 0.815493 -0.195090 -0.544895
v 0.768178 -0.382683 -0.513280
v 0.691342 -0.555570 -0.461940
v 0.587938 -0.707107 -0.392847
v 0.461940 -0.831470 -0.308658
v 0.318190 -0.923880 -0.212608
v 0.162212 -0.980785 -0.108386
v 0.000000 1.000000 0.000000
v 0.180240 0.980785 -0.074658
v 0.353553 0.923880 -0.146447
v 0.513280 0.831470 -0.212607
v 0.653281 0.707107 -0.270598
v 0.768178 0.555570 -0.318190
v 0.853553 0.382683 -0.353553
v 0.906127 0.195090 -0.375330
v 0.923879 0.000000 -0.382683
v 0.906127 -0.195090 -0.375330
v 0.853553 -0.382683 -0.353553
v 0.768178 -0.555570 -0.318190
v 0.653281 -0.707107 -0.270598
v 0.513280 -0.831470 -0.212607
v 0.353553 -0.923880 -0.146447
v 0.180240 -0.980785 -0.074658
v 0.191342 0.980785 -0.038060
v 0.375330 0.923880 -0.074658
v 0.544895 0.831470 -0.108386
v 0.693520 0.707107 -0.137950
v 0.815493 0.555570 -0.162212
v 0.906127 0.382683 -0.180240
v 0.961940 0.195090 -0.191342
v 0.980785 0.000000 -0.195090
v 0.961940 -0.195090 -0.191342
v 0.906127 -0.382683 -0.180240
v 0.815493 -0.555570 -0.162212
v 0.693520 -0.707107 -0.137950
v 0.544895 -0.831470 -0.108386
v 0.375330 -0.923880 -0.074658
v 0.191342 -0.980785 -0.038060
v 0.195090 0.980785 0.000000
v 0.382683 0.923880 0.000000
v 0.555570 0.831470 0.000000
v 0.707107 0.707107 -0.000000
v 0.831469 0.555570 0.000000
v 0.923879 0.382683 -0.000000
v 0.980785 0.195090 0.000000
v 1.000000 0.000000 0.000000
v 0.980785 -0.195090 0.000000
v 0.923879 -0.382683 -0.000000
v 0.831469 -0.555570 0.000000
v 0.707107 -0.707107 -0.000000
v 0.555570 -0.831470 0.000000
v 0.382683 -0.923880 0.000000
v 0.195090 -0.980785 0.000000
v 0.191342 0.980785 0.038060
v 0.375330 0.923880 0.074658
v 0.544895 0.831470 0.108386
v 0.693520 0.707107 0.137950
v 0.815493 0.555570 0.162212
v 0.906127 0.382683 0.180240
v 0.961940 0.195090 0.191342
v 0.980785 0.000000 0.195090
v 0.961940 -0.195090 0.191342
v 0.906127 -0.382683 0.180240
v 0.815493 -0.555570 0.162212
v 0.693520 -0.707107 0.137950
v 0.544895 -0.831470 0.108386
v 0.375330 -0.923880 0.074658
v 0.191342 -0.980785 0.038060
v 0.180240 0.980785 0.074658
v 0.353553 0.923880 0.146447
v 0.513280 0.831470 0.212608
v 0.653281 0.707107 0.270598
v 0.768178 0.555570 0.318190
v 0.853553 0.382683 0.353553
v 0.906127 0.195090 0.375330
v 0.923879 0.000000 0.382683
v 0.906127 -0.195090 0.375330
v 0.853553 -0.382683 0.353553
v 0.768178 -0.555570 0.318190
v 0.653281 -0.707107 0.270598
v 0.513280 -0.831470 0.212608
v 0.353553 -0.923880 0.146447
v 0.180240 -0.980785 0.074658
v 0.162212 0.980785 0.108386
v 0.318190 0.923880 0.212608
v 0.461940 0.831470 0.308658
v 0.587938 0.707107 0.392847
v 0.691341 0.555570 0.461940
v 0.768178 0.382683 0.513280
v 0.815493 0.195090 0.544895
v 0.831469 0.000000 0.555570
v 0.815493 -0.195090 0.544895
v 0.768178 -0.382683 0.513280
v 0.691341 -0.555570 0.461940
v 0.587938 -0.707107 0.392847
v 0.461940 -0.831470 0.308658
v 0.318190 -0.923880 0.212608
v 0.162212 -0.980785 0.108386
v 0.137950 0.980785 0.137950
v 0.270598 0.923880 0.270598
v 0.392847 0.831470 0.392847
v 0.500000 0.707107 0.500000
v 0.587938 0.555570 0.587938
v 0.653281 0.382683 0.653281
v 0.693520 0.195090 0.693520
v 0.707106 0.000000 0.707107
v 0.693520 -0.195090 0.693520
v 0.653281 -0.382683 0.653281
v 0.587938 -0.555570 0.587938
v 0.500000 -0.707107 0.500000
v 0.392847 -0.831470 0.392847
v 0.270598 -0.923880 0.270598
v 0.137950 -0.980785 0.137950
v 0.108386 0.980785 0.162212
v 0.212607 0.923880 0.318190
v 0.308658 0.831470 0.461940
v 0.392847 0.707107 0.587938
v 0.461940 0.555570 0.691342
v 0.513280 0.382683 0.768178
v 0.544895 0.195090 0.815493
v 0.555570 0.000000 0.831469
v 0.544895 -0.195090 0.815493
v 0.513280 -0.382683 0.768178
v 0.461940 -0.555570 0.691342
v 0.392847 -0.707107 0.587938
v 0.308658 -0.831470 0.461940
v 0.212607 -0.923880 0.318190
v 0.108386 -0.980785 0.162212
v 0.074658 0.980785 0.180240
v 0.146447 0.923880 0.353553
v 0.212607 0.831470 0.513280
v 0.270598 0.707107 0.653281
v 0.318189 0.555570 0.768178
v 0.353553 0.382683 0.853553
v 0.375330 0.195090 0.906127
v 0.382683 0.000000 0.923879
v 0.375330 -0.195090 0.906127
v 0.353553 -0.382683 0.853553
v 0.318189 -0.555570 0.768178
v 0.270598 -0.707107 0.653281
v 0.212607 -0.831470 0.513280
v 0.146447 -0.923880 0.353553
v 0.074658 -0.980785 0.180240
v 0.038060 0.980785 0.191342
v 0.074658 0.923880 0.375330
v 0.108386 0.831470 0.544895
v 0.137950 0.707107 0.693520
v 0.162212 0.555570 0.815493
v 0.180240 0.382683 0.906127
v 0.191342 0.195090 0.961939
v 0.195090 0.000000 0.980785
v 0.191342 -0.195090 0.961939
v 0.180240 -0.382683 0.906127
v 0.162212 -0.555570 0.815493
v 0.137950 -0.707107 0.693520
v 0.108386 -0.831470 0.544895
v 0.074658 -0.923880 0.375330
v 0.038060 -0.980785 0.191342
v -0.000000 0.980785 0.195090
v -0.000000 0.923880 0.382683
v -0.000000 0.831470 0.555570
v -0.000000 0.707107 0.707107
v -0.000000 0.555570 0.831469
v 0.000000 0.382683 0.923879
v -0.000000 0.195090 0.980785
v -0.000000 0.000000 0.999999
v -0.000000 -0.195090 0.980785
v 0.000000 -0.382683 0.923879
v -0.000000 -0.555570 0.831469
v -0.000000 -0.707107 0.707107
v -0.000000 -0.831470 0.555570
v -0.000000 -0.923880 0.382683
v -0.000000 -0.980785 0.195090
v -0.038060 0.980785 0.191342
v -0.074658 0.923880 0.375330
v -0.108386 0.831470 0.544895
v -0.137950 0.707107 0.693520
v -0.162212 0.555570 0.815493
v -0.180240 0.382683 0.906127
v -0.191342 0.195090 0.961939
v -0.195091 0.000000 0.980785
v -0.191342 -0.195090 0.961939
v -0.180240 -0.382683 0.906127
v -0.162212 -0.555570 0.815493
v -0.137950 -0.707107 0.693520
v -0.108386 -0.831470 0.544895
v -0.074658 -0.923880 0.375330
v -0.038060 -0.980785 0.191342
v -0.074658 0.980785 0.180240
v -0.146447 0.923880 0.353553
v -0.212608 0.831470 0.513280
v -0.270598 0.707107 0.653281
v -0.318190 0.555570 0.768177
v -0.353553 0.382683 0.853553
v -0.375330 0.195090 0.906127
v -0.382683 0.000000 0.923879
v -0.375330 -0.195090 0.906127
v -0.353553 -0.382683 0.853553
v -0.318190 -0.555570 0.768177
v -0.270598 -0.707107 0.653281
v -0.212608 -0.831470 0.513280
v -0.146447 -0.923880 0.353553
v -0.074658 -0.980785 0.180240
v -0.108386 0.980785 0.162212
v -0.212608 0.923880 0.318190
v -0.308658 0.831470 0.461939
v -0.392847 0.707107 0.587938
v -0.461940 0.555570 0.691341
v -0.513280 0.382683 0.768178
v -0.544895 0.195090 0.815493
v -0.555570 0.000000 0.831469
v -0.544895 -0.195090 0.815493
v -0.513280 -0.382683 0.768178
v -0.461940 -0.555570 0.691341
v -0.392847 -0.707107 0.587938
v -0.308658 -0.831470 0.461939
v -0.212608 -0.923880 0.318190
v -0.108386 -0.980785 0.162212
v -0.137950 0.980785 0.137950
v -0.270598 0.923880 0.270598
v -0.392847 0.831470 0.392847
v -0.500000 0.707107 0.500000
v -0.587938 0.555570 0.587937
v -0.653281 0.382683 0.653281
v -0.693520 0.195090 0.693520
v -0.707106 0.000000 0.707106
v -0.693520 -0.195090 0.693520
v -0.653281 -0.382683 0.653281
v -0.587938 -0.555570 0.587937
v -0.500000 -0.707107 0.500000
v -0.392847 -0.831470 0.392847
v -0.270598 -0.923880 0.270598
v -0.137950 -0.980785 0.137950
v 0.000000 -1.000000 0.000000
v -0.162212 0.980785 0.108386
v -0.318190 0.923880 0.212607
v -0.461940 0.831470 0.308658
v -0.587938 0.707107 0.392847
v -0.691341 0.555570 0.461939
v -0.768177 0.382683 0.513280
v -0.815493 0.195090 0.544895
v -0.831469 0.000000 0.555569
v -0.815493 -0.195090 0.544895
v -0.768177 -0.382683 0.513280
v -0.691341 -0.555570 0.461939
v -0.587938 -0.707107 0.392847
v -0.461940 -0.831470 0.308658
v -0.318190 -0.923880 0.212607
v -0.162212 -0.980785 0.108386
v -0.180240 0.980785 0.074658
v -0.353553 0.923880 0.146447
v -0.513280 0.831470 0.212607
v -0.653281 0.707107 0.270598
v -0.768177 0.555570 0.318189
v -0.853553 0.382683 0.353553
v -0.906127 0.195090 0.375330
v -0.923879 0.000000 0.382683
v -0.906127 -0.195090 0.375330
v -0.853553 -0.382683 0.353553
v -0.768177 -0.555570 0.318189
v -0.653281 -0.707107 0.270598
v -0.513280 -0.831470 0.212607
v -0.353553 -0.923880 0.146447
v -0.180240 -0.980785 0.074658
v -0.191342 0.980785 0.038060
v -0.375330 0.923880 0.074658
v -0.544895 0.831470 0.108386
v -0.693520 0.707107 0.137950
v -0.815493 0.555570 0.162211
v -0.906127 0.382683 0.180240
v -0.961939 0.195090 0.191341
v -0.980784 0.000000 0.195090
v -0.961939 -0.195090 0.191341
v -0.906127 -0.382683 0.180240
v -0.815493 -0.555570 0.162211
v -0.693520 -0.707107 0.137950
v -0.544895 -0.831470 0.108386
v -0.375330 -0.923880 0.074658
v -0.191342 -0.980785 0.038060
v -0.195090 0.980785 -0.000000
v -0.382683 0.923880 -0.000000
v -0.555570 0.831470 -0.000000
v -0.707107 0.707107 -0.000000
v -0.831469 0.555570 -0.000000
v -0.923879 0.382683 -0.000000
v -0.980785 0.195090 -0.000000
v -0.999999 0.000000 -0.000000
v -0.980785 -0.195090 -0.000000
v -0.923879 -0.382683 -0.000000
v -0.831469 -0.555570 -0.000000
v -0.707107 -0.707107 -0.000000
v -0.555570 -0.831470 -0.000000
v -0.382683 -0.923880 -0.000000
v -0.195090 -0.980785 -0.000000
v -0.191342 0.980785 -0.038060
v -0.375330 0.923880 -0.074658
v -0.544895 0.831470 -0.108386
v -0.693520 0.707107 -0.137950
v -0.815493 0.555570 -0.162212
v -0.906127 0.382683 -0.180240
v -0.961939 0.195090 -0.191342
v -0.980784 0.000000 -0.195091
v -0.961939 -0.195090 -0.191342
v -0.906127 -0.382683 -0.180240
v -0.815493 -0.555570 -0.162212
v -0.693520 -0.707107 -0.137950
v -0.544895 -0.831470 -0.108386
v -0.375330 -0.923880 -0.074658
v -0.191342 -0.980785 -0.038060
v -0.180240 0.980785 -0.074658
v -0.353553 0.923880 -0.146447
v -0.513279 0.831470 -0.212607
v -0.653281 0.707107 -0.270598
v -0.768177 0.555570 -0.318190
v -0.853553 0.382683 -0.353553
v -0.906127 0.195090 -0.375330
v -0.923878 0.000000 -0.382683
v -0.906127 -0.195090 -0.375330
v -0.853553 -0.382683 -0.353553
v -0.768177 -0.555570 -0.318190
v -0.653281 -0.707107 -0.270598
v -0.513279 -0.831470 -0.212607
v -0.353553 -0.923880 -0.146447
v -0.180240 -0.980785 -0.074658
v -0.162212 0.980785 -0.108386
v -0.318189 0.923880 -0.212607
v -0.461939 0.831470 -0.308658
v -0.587938 0.707107 -0.392847
v -0.691341 0.555570 -0.461940
v -0.768177 0.382683 -0.513280
v -0.815493 0.195090 -0.544895
v -0.831468 0.000000 -0.555570
v -0.815493 -0.195090 -0.544895
v -0.768177 -0.382683 -0.513280
v -0.691341 -0.555570 -0.461940
v -0.587938 -0.707107 -0.392847
v -0.461939 -0.831470 -0.308658
v -0.318189 -0.923880 -0.212607
v -0.162212 -0.980785 -0.108386
v -0.137950 0.980785 -0.137950
v -0.270598 0.923880 -0.270598
v -0.392847 0.831470 -0.392847
v -0.500000 0.707107 -0.500000
v -0.587937 0.555570 -0.587938
v -0.653281 0.382683 -0.653281
v -0.693519 0.195090 -0.693520
v -0.707106 0.000000 -0.707106
v -0.693519 -0.195090 -0.693520
v -0.653281 -0.382683 -0.653281
v -0.587937 -0.555570 -0.587938
v -0.500000 -0.707107 -0.500000
v -0.392847 -0.831470 -0.392847
v -0.270598 -0.923880 -0.270598
v -0.137950 -0.980785 -0.137950
v -0.108386 0.980785 -0.162212
v -0.212607 0.923880 -0.318190
v -0.308658 0.831470 -0.461939
v -0.392847 0.707107 -0.587938
v -0.461939 0.555570 -0.691341
v -0.513280 0.382683 -0.768177
v -0.544895 0.195090 -0.815493
v -0.555569 0.000000 -0.831469
v -0.544895 -0.195090 -0.815493
v -0.513280 -0.382683 -0.768177
v -0.461939 -0.555570 -0.691341
v -0.392847 -0.707107 -0.587938
v -0.308658 -0.831470 -0.461939
v -0.212607 -0.923880 -0.318190
v -0.108386 -0.980785 -0.162212
v -0.074658 0.980785 -0.180240
v -0.146446 0.923880 -0.353553
v -0.212607 0.831470 -0.513279
v -0.270598 0.707107 -0.653281
v -0.318189 0.555570 -0.768177
v -0.353553 0.382683 -0.853553
v -0.375330 0.195090 -0.906127
v -0.382683 0.000000 -0.923879
v -0.375330 -0.195090 -0.906127
v -0.353553 -0.382683 -0.853553
v -0.318189 -0.555570 -0.768177
v -0.270598 -0.707107 -0.653281
v -0.212607 -0.831470 -0.513279
v -0.146446 -0.923880 -0.353553
v -0.074658 -0.980785 -0.180240
v -0.038060 0.980785 -0.191342
v -0.074658 0.923880 -0.375330
v -0.108386 0.831470 -0.544895
v -0.137950 0.707107 -0.693520
v -0.162211 0.555570 -0.815493
v -0.180240 0.382683 -0.906127
v -0.191341 0.195090 -0.961939
v -0.195090 0.000000 -0.980784
v -0.191341 -0.195090 -0.961939
v -0.180240 -0.382683 -0.906127
v -0.162211 -0.555570 -0.815493
v -0.137950 -0.707107 -0.693520
v -0.108386 -0.831470 -0.544895
v -0.074658 -0.923880 -0.375330
v -0.038060 -0.980785 -0.191342
v 0.000000 0.980785 -0.195090
v 0.000000 0.923880 -0.382683
v 0.000000 0.707107 -0.707107
v 0.000000 0.382683 -0.923879
v 0.000000 -0.382683 -0.923879
v 0.000000 -0.707107 -0.707107
v 0.000000 -0.831470 -0.555570
v 0.000000 -0.923880 -0.382683
v 0.000000 -0.980785 -0.195090
vn 0.0464 -0.8810 -0.4709
vn 0.0938 0.2890 -0.9527
vn 0.0286 -0.9565 -0.2902
vn 0.0975 0.0975 -0.9904
vn 0.0097 0.9951 -0.0980
vn 0.0097 -0.9951 -0.0980
vn 0.0975 -0.0975 -0.9904
vn 0.0286 0.9565 -0.2902
vn 0.0938 -0.2890 -0.9527
vn 0.0464 0.8810 -0.4709
vn 0.0865 -0.4696 -0.8786
vn 0.0624 0.7715 -0.6332
vn 0.0759 -0.6326 -0.7708
vn 0.0759 0.6326 -0.7708
vn 0.0624 -0.7715 -0.6332
vn 0.0865 0.4696 -0.8786
vn 0.1847 -0.7715 -0.6088
vn 0.2563 0.4696 -0.8448
vn 0.1374 -0.8810 -0.4528
vn 0.2779 0.2890 -0.9161
vn 0.0846 -0.9565 -0.2790
vn 0.2889 0.0976 -0.9524
vn 0.0286 0.9951 -0.0942
vn 0.0286 -0.9951 -0.0942
vn 0.2889 -0.0976 -0.9524
vn 0.0846 0.9565 -0.2790
vn 0.2779 -0.2890 -0.9161
vn 0.1374 0.8810 -0.4528
vn 0.2563 -0.4696 -0.8448
vn 0.1847 0.7715 -0.6088
vn 0.2248 -0.6326 -0.7412
vn 0.2248 0.6326 -0.7412
vn 0.1374 0.9565 -0.2571
vn 0.4513 -0.2890 -0.8443
vn 0.2230 0.8810 -0.4173
vn 0.4162 -0.4696 -0.7786
vn 0.2999 0.7715 -0.5611
vn 0.3651 -0.6326 -0.6831
vn 0.3651 0.6326 -0.6831
vn 0.2999 -0.7715 -0.5611
vn 0.4162 0.4696 -0.7786
vn 0.2230 -0.8810 -0.4173
vn 0.4513 0.2890 -0.8443
vn 0.1374 -0.9565 -0.2571
vn 0.4691 0.0975 -0.8777
vn 0.0464 0.9951 -0.0869
vn 0.0464 -0.9951 -0.0869
vn 0.4691 -0.0975 -0.8777
vn 0.5601 0.4696 -0.6825
vn 0.3002 -0.8810 -0.3658
vn 0.6073 0.2890 -0.7400
vn 0.1850 -0.9565 -0.2254
vn 0.6314 0.0975 -0.7693
vn 0.0625 0.9951 -0.0761
vn 0.0625 -0.9951 -0.0761
vn 0.6314 -0.0975 -0.7693
vn 0.1850 0.9565 -0.2254
vn 0.6073 -0.2890 -0.7400
vn 0.3002 0.8810 -0.3658
vn 0.5601 -0.4696 -0.6825
vn 0.4036 0.7715 -0.4918
vn 0.4913 -0.6326 -0.5987
vn 0.4913 0.6326 -0.5987
vn 0.4036 -0.7715 -0.4918
vn 0.7400 -0.2890 -0.6073
vn 0.3658 0.8810 -0.3002
vn 0.6825 -0.4696 -0.5601
vn 0.4918 0.7715 -0.4036
vn 0.5987 -0.6326 -0.4913
vn 0.5987 0.6326 -0.4913
vn 0.4918 -0.7715 -0.4036
vn 0.6825 0.4696 -0.5601
vn 0.3658 -0.8810 -0.3002
vn 0.7400 0.2890 -0.6073
vn 0.2254 -0.9565 -0.1850
vn 0.7693 0.0975 -0.6314
vn 0.0761 0.9951 -0.0625
vn 0.0761 -0.9951 -0.0625
vn 0.7693 -0.0975 -0.6314
vn 0.2254 0.9565 -0.1850
vn 0.4173 -0.8810 -0.2230
vn 0.8443 0.2890 -0.4513
vn 0.2571 -0.9565 -0.1374
vn 0.8777 0.0975 -0.4691
vn 0.0869 0.9951 -0.0464
vn 0.0869 -0.9951 -0.0464
vn 0.8777 -0.0975 -0.4691
vn 0.2571 0.9565 -0.1374
vn 0.8443 -0.2890 -0.4513
vn 0.4173 0.8810 -0.2230
vn 0.7786 -0.4696 -0.4162
vn 0.5611 0.7715 -0.2999
vn 0.6831 -0.6326 -0.3651
vn 0.6831 0.6326 -0.3651
vn 0.5611 -0.7715 -0.2999
vn 0.7786 0.4696 -0.4162
vn 0.4528 0.8810 -0.1374
vn 0.8448 -0.4696 -0.2563
vn 0.6088 0.7715 -0.1847
vn 0.7412 -0.6326 -0.2248
vn 0.7412 0.6326 -0.2248
vn 0.6088 -0.7715 -0.1847
vn 0.8448 0.4696 -0.2563
vn 0.4528 -0.8810 -0.1374
vn 0.9161 0.2890 -0.2779
vn 0.2790 -0.9565 -0.0846
vn 0.9524 0.0975 -0.2889
vn 0.0942 0.9951 -0.0286
vn 0.0942 -0.9951 -0.0286
vn 0.9524 -0.0975 -0.2889
vn 0.2790 0.9565 -0.0846
vn 0.9161 -0.2890 -0.2779
vn 0.9527 0.2890 -0.0938
vn 0.2902 -0.9565 -0.0286
vn 0.9904 0.0975 -0.0975
vn 0.0980 0.9951 -0.0097
vn 0.0980 -0.9951 -0.0097
vn 0.9904 -0.0975 -0.0975
vn 0.2902 0.9565 -0.0286
vn 0.9527 -0.2890 -0.0938
vn 0.4709 0.8810 -0.0464
vn 0.8786 -0.4696 -0.0865
vn 0.6332 0.7715 -0.0624
vn 0.7708 -0.6326 -0.0759
vn 0.7708 0.6326 -0.0759
vn 0.6332 -0.7715 -0.0624
vn 0.8786 0.4696 -0.0865
vn 0.4709 -0.8810 -0.0464
vn 0.8786 -0.4696 0.0865
vn 0.6332 0.7715 0.0624
vn 0.7708 -0.6326 0.0759
vn 0.7708 0.6326 0.0759
vn 0.6332 -0.7715 0.0624
vn 0.8786 0.4696 0.0865
vn 0.4709 -0.8810 0.0464
vn 0.9527 0.2890 0.0938
vn 0.2902 -0.9565 0.0286
vn 0.9904 0.0975 0.0976
vn 0.0980 0.9951 0.0097
vn 0.0980 -0.9951 0.0097
vn 0.9904 -0.0975 0.0976
vn 0.2902 0.9565 0.0286
vn 0.9527 -0.2890 0.0938
vn 0.4709 0.8810 0.0464
vn 0.2790 -0.9565 0.0846
vn 0.9524 0.0975 0.2889
vn 0.0942 0.9951 0.0286
vn 0.0942 -0.9951 0.0286
vn 0.9524 -0.0975 0.2889
vn 0.2790 0.9565 0.0846
vn 0.9161 -0.2890 0.2779
vn 0.4528 0.8810 0.1374
vn 0.8448 -0.4696 0.2563
vn 0.6088 0.7715 0.1847
vn 0.7412 -0.6326 0.2248
vn 0.7412 0.6326 0.2248
vn 0.6088 -0.7715 0.1847
vn 0.8448 0.4696 0.2563
vn 0.4528 -0.8810 0.1374
vn 0.9161 0.2890 0.2779
vn 0.6831 -0.6326 0.3651
vn 0.6831 0.6326 0.3651
vn 0.5611 -0.7715 0.2999
vn 0.7786 0.4696 0.4162
vn 0.4173 -0.8810 0.2230
vn 0.8443 0.2890 0.4513
vn 0.2571 -0.9565 0.1374
vn 0.8777 0.0975 0.4691
vn 0.0869 0.9951 0.0464
vn 0.0869 -0.9951 0.0464
vn 0.8777 -0.0975 0.4691
vn 0.2571 0.9565 0.1374
vn 0.8443 -0.2890 0.4513
vn 0.4173 0.8810 0.2230
vn 0.7786 -0.4696 0.4162
vn 0.5611 0.7715 0.2999
vn 0.0761 0.9951 0.0625
vn 0.0761 -0.9951 0.0625
vn 0.7693 -0.0975 0.6314
vn 0.2254 0.9565 0.1850
vn 0.7400 -0.2890 0.6073
vn 0.3658 0.8810 0.3002
vn 0.6825 -0.4696 0.5601
vn 0.4918 0.7715 0.4036
vn 0.5987 -0.6326 0.4913
vn 0.5987 0.6326 0.4913
vn 0.4918 -0.7715 0.4036
vn 0.6825 0.4696 0.5601
vn 0.3658 -0.8810 0.3002
vn 0.7400 0.2890 0.6073
vn 0.2254 -0.9565 0.1850
vn 0.7693 0.0975 0.6314
vn 0.4913 0.6326 0.5987
vn 0.4036 -0.7715 0.4918
vn 0.5601 0.4696 0.6825
vn 0.3002 -0.8810 0.3658
vn 0.6073 0.2890 0.7400
vn 0.1850 -0.9565 0.2254
vn 0.6314 0.0975 0.7693
vn 0.0625 0.9951 0.0761
vn 0.0625 -0.9951 0.0761
vn 0.6314 -0.0975 0.7693
vn 0.1850 0.9565 0.2254
vn 0.6073 -0.2890 0.7400
vn 0.3002 0.8810 0.3658
vn 0.5601 -0.4696 0.6825
vn 0.4036 0.7715 0.4918
vn 0.4913 -0.6326 0.5987
vn 0.4691 -0.0975 0.8777
vn 0.1374 0.9565 0.2571
vn 0.4513 -0.2890 0.8443
vn 0.2230 0.8810 0.4173
vn 0.4162 -0.4696 0.7786
vn 0.2999 0.7715 0.5611
vn 0.3651 -0.6326 0.6831
vn 0.3651 0.6326 0.6831
vn 0.2999 -0.7715 0.5611
vn 0.4162 0.4696 0.7786
vn 0.2230 -0.8810 0.4173
vn 0.4513 0.2890 0.8443
vn 0.1374 -0.9565 0.2571
vn 0.4691 0.0975 0.8777
vn 0.0464 0.9951 0.0869
vn 0.0464 -0.9951 0.0869
vn 0.1847 -0.7715 0.6088
vn 0.2563 0.4696 0.8448
vn 0.1374 -0.8810 0.4528
vn 0.2779 0.2890 0.9161
vn 0.0846 -0.9565 0.2790
vn 0.2889 0.0975 0.9524
vn 0.0286 0.9951 0.0942
vn 0.0286 -0.9951 0.0942
vn 0.2889 -0.0975 0.9524
vn 0.0846 0.9565 0.2790
vn 0.2779 -0.2890 0.9161
vn 0.1374 0.8810 0.4528
vn 0.2563 -0.4696 0.8448
vn 0.1847 0.7715 0.6088
vn 0.2248 -0.6326 0.7412
vn 0.2248 0.6326 0.7412
vn 0.0286 0.9565 0.2902
vn 0.0938 -0.2890 0.9527
vn 0.0464 0.8810 0.4709
vn 0.0865 -0.4696 0.8786
vn 0.0624 0.7715 0.6332
vn 0.0759 -0.6326 0.7708
vn 0.0759 0.6326 0.7708
vn 0.0624 -0.7715 0.6332
vn 0.0865 0.4696 0.8786
vn 0.0464 -0.8810 0.4709
vn 0.0938 0.2890 0.9527
vn 0.0286 -0.9565 0.2902
vn 0.0975 0.0975 0.9904
vn 0.0097 0.9951 0.0980
vn 0.0097 -0.9951 0.0980
vn 0.0975 -0.0975 0.9904
vn -0.0865 0.4696 0.8786
vn -0.0464 -0.8810 0.4709
vn -0.0938 0.2890 0.9527
vn -0.0286 -0.9565 0.2902
vn -0.0976 0.0975 0.9904
vn -0.0097 0.9951 0.0980
vn -0.0097 -0.9951 0.0980
vn -0.0976 -0.0975 0.9904
vn -0.0286 0.9565 0.2902
vn -0.0938 -0.2890 0.9527
vn -0.0464 0.8810 0.4709
vn -0.0865 -0.4696 0.8786
vn -0.0624 0.7715 0.6332
vn -0.0759 -0.6326 0.7708
vn -0.0759 0.6326 0.7708
vn -0.0624 -0.7715 0.6332
vn -0.2779 -0.2890 0.9161
vn -0.1374 0.8810 0.4528
vn -0.2563 -0.4696 0.8448
vn -0.1847 0.7715 0.6088
vn -0.2248 -0.6326 0.7412
vn -0.2248 0.6326 0.7412
vn -0.1847 -0.7715 0.6088
vn -0.2563 0.4696 0.8448
vn -0.1374 -0.8810 0.4528
vn -0.2779 0.2890 0.9161
vn -0.0846 -0.9565 0.2790
vn -0.2889 0.0975 0.9524
vn -0.0286 0.9951 0.0942
vn -0.0286 -0.9951 0.0942
vn -0.2889 -0.0975 0.9524
vn -0.0846 0.9565 0.2790
vn -0.2230 -0.8810 0.4173
vn -0.4513 0.2890 0.8443
vn -0.1374 -0.9565 0.2571
vn -0.4691 0.0975 0.8777
vn -0.0464 0.9951 0.0869
vn -0.0464 -0.9951 0.0869
vn -0.4691 -0.0975 0.8777
vn -0.1374 0.9565 0.2571
vn -0.4513 -0.2890 0.8443
vn -0.2230 0.8810 0.4173
vn -0.4162 -0.4696 0.7786
vn -0.2999 0.7715 0.5611
vn -0.3651 -0.6326 0.6831
vn -0.3651 0.6326 0.6831
vn -0.2999 -0.7715 0.5611
vn -0.4162 0.4696 0.7786
vn -0.5601 -0.4696 0.6825
vn -0.4036 0.7715 0.4918
vn -0.4913 -0.6326 0.5987
vn -0.4913 0.6326 0.5987
vn -0.4036 -0.7715 0.4918
vn -0.5601 0.4696 0.6825
vn -0.3002 -0.8810 0.3658
vn -0.6073 0.2890 0.7400
vn -0.1850 -0.9565 0.2254
vn -0.6314 0.0975 0.7693
vn -0.0625 0.9951 0.0761
vn -0.0625 -0.9951 0.0761
vn -0.6314 -0.0975 0.7693
vn -0.1850 0.9565 0.2254
vn -0.6073 -0.2890 0.7400
vn -0.3002 0.8810 0.3658
vn -0.2254 -0.9565 0.1850
vn -0.7693 0.0975 0.6314
vn -0.0761 0.9951 0.0625
vn -0.0761 -0.9951 0.0625
vn -0.7693 -0.0975 0.6314
vn -0.2254 0.9565 0.1850
vn -0.7400 -0.2890 0.6073
vn -0.3658 0.8810 0.3002
vn -0.6825 -0.4696 0.5601
vn -0.4918 0.7715 0.4036
vn -0.5987 -0.6326 0.4913
vn -0.5987 0.6326 0.4913
vn -0.4918 -0.7715 0.4036
vn -0.6825 0.4696 0.5601
vn -0.3658 -0.8810 0.3002
vn -0.7400 0.2890 0.6073
vn -0.5611 0.7715 0.2999
vn -0.6831 -0.6326 0.3651
vn -0.6831 0.6326 0.3651
vn -0.5611 -0.7715 0.2999
vn -0.7786 0.4696 0.4162
vn -0.4173 -0.8810 0.2230
vn -0.8443 0.2890 0.4513
vn -0.2571 -0.9565 0.1374
vn -0.8777 0.0975 0.4691
vn -0.0869 0.9951 0.0464
vn -0.0869 -0.9951 0.0464
vn -0.8777 -0.0975 0.4691
vn -0.2571 0.9565 0.1374
vn -0.8443 -0.2890 0.4513
vn -0.4173 0.8810 0.2230
vn -0.7786 -0.4696 0.4162
vn -0.9524 0.0975 0.2889
vn -0.0942 0.9951 0.0286
vn -0.0942 -0.9951 0.0286
vn -0.9524 -0.0975 0.2889
vn -0.2790 0.9565 0.0846
vn -0.9161 -0.2890 0.2779
vn -0.4528 0.8810 0.1374
vn -0.8448 -0.4696 0.2563
vn -0.6088 0.7715 0.1847
vn -0.7412 -0.6326 0.2248
vn -0.7412 0.6326 0.2248
vn -0.6088 -0.7715 0.1847
vn -0.8448 0.4696 0.2563
vn -0.4528 -0.8810 0.1374
vn -0.9161 0.2890 0.2779
vn -0.2790 -0.9565 0.0846
vn -0.7708 -0.6326 0.0759
vn -0.7708 0.6326 0.0759
vn -0.6332 -0.7715 0.0624
vn -0.8786 0.4696 0.0865
vn -0.4709 -0.8810 0.0464
vn -0.9527 0.2890 0.0938
vn -0.2902 -0.9565 0.0286
vn -0.9904 0.0975 0.0975
vn -0.0980 0.9951 0.0097
vn -0.0980 -0.9951 0.0097
vn -0.9904 -0.0975 0.0975
vn -0.2902 0.9565 0.0286
vn -0.9527 -0.2890 0.0938
vn -0.4709 0.8810 0.0464
vn -0.8786 -0.4696 0.0865
vn -0.6332 0.7715 0.0624
vn -0.0980 0.9951 -0.0097
vn -0.0980 -0.9951 -0.0097
vn -0.9904 -0.0975 -0.0976
vn -0.2902 0.9565 -0.0286
vn -0.9527 -0.2890 -0.0938
vn -0.4709 0.8810 -0.0464
vn -0.8786 -0.4696 -0.0865
vn -0.6332 0.7715 -0.0624
vn -0.7708 -0.6326 -0.0759
vn -0.7708 0.6326 -0.0759
vn -0.6332 -0.7715 -0.0624
vn -0.8786 0.4696 -0.0865
vn -0.4709 -0.8810 -0.0464
vn -0.9527 0.2890 -0.0938
vn -0.2902 -0.9565 -0.0286
vn -0.9904 0.0975 -0.0976
vn -0.7412 0.6326 -0.2248
vn -0.6088 -0.7715 -0.1847
vn -0.8448 0.4696 -0.2563
vn -0.4528 -0.8810 -0.1374
vn -0.9161 0.2890 -0.2779
vn -0.2790 -0.9565 -0.0846
vn -0.9524 0.0975 -0.2889
vn -0.0942 0.9951 -0.0286
vn -0.0942 -0.9951 -0.0286
vn -0.9524 -0.0975 -0.2889
vn -0.2790 0.9565 -0.0846
vn -0.9161 -0.2890 -0.2779
vn -0.4528 0.8810 -0.1374
vn -0.8448 -0.4696 -0.2563
vn -0.6088 0.7715 -0.1847
vn -0.7412 -0.6326 -0.2248
vn -0.8777 -0.0975 -0.4691
vn -0.2571 0.9565 -0.1374
vn -0.8443 -0.2890 -0.4513
vn -0.4173 0.8810 -0.2231
vn -0.7786 -0.4696 -0.4162
vn -0.5611 0.7715 -0.2999
vn -0.6831 -0.6326 -0.3651
vn -0.6831 0.6326 -0.3651
vn -0.5611 -0.7715 -0.2999
vn -0.7786 0.4696 -0.4162
vn -0.4173 -0.8810 -0.2231
vn -0.8443 0.2890 -0.4513
vn -0.2571 -0.9565 -0.1374
vn -0.8777 0.0975 -0.4691
vn -0.0869 0.9951 -0.0464
vn -0.0869 -0.9951 -0.0464
vn -0.4918 -0.7715 -0.4036
vn -0.6825 0.4696 -0.5601
vn -0.3658 -0.8810 -0.3002
vn -0.7400 0.2890 -0.6073
vn -0.2254 -0.9565 -0.1850
vn -0.7693 0.0975 -0.6314
vn -0.0761 0.9951 -0.0625
vn -0.0761 -0.9951 -0.0625
vn -0.7693 -0.0975 -0.6314
vn -0.2254 0.9565 -0.1850
vn -0.7400 -0.2890 -0.6073
vn -0.3658 0.8810 -0.3002
vn -0.6825 -0.4696 -0.5601
vn -0.4918 0.7715 -0.4036
vn -0.5987 -0.6326 -0.4913
vn -0.5987 0.6326 -0.4913
vn -0.6073 -0.2890 -0.7400
vn -0.3002 0.8810 -0.3658
vn -0.5601 -0.4696 -0.6825
vn -0.4036 0.7715 -0.4918
vn -0.4913 -0.6326 -0.5987
vn -0.4913 0.6326 -0.5987
vn -0.4036 -0.7715 -0.4918
vn -0.5601 0.4696 -0.6825
vn -0.3002 -0.8810 -0.3658
vn -0.6073 0.2890 -0.7400
vn -0.1850 -0.9565 -0.2254
vn -0.6314 0.0975 -0.7693
vn -0.0625 0.9951 -0.0761
vn -0.0625 -0.9951 -0.0761
vn -0.6314 -0.0975 -0.7693
vn -0.1850 0.9565 -0.2254
vn -0.2230 -0.8810 -0.4173
vn -0.4513 0.2890 -0.8443
vn -0.1374 -0.9565 -0.2571
vn -0.4691 0.0975 -0.8777
vn -0.0464 0.9951 -0.0869
vn -0.0464 -0.9951 -0.0869
vn -0.4691 -0.0975 -0.8777
vn -0.1374 0.9565 -0.2571
vn -0.4513 -0.2890 -0.8443
vn -0.2230 0.8810 -0.4173
vn -0.4162 -0.4696 -0.7786
vn -0.2999 0.7715 -0.5611
vn -0.3651 -0.6326 -0.6831
vn -0.3651 0.6326 -0.6831
vn -0.2999 -0.7715 -0.5611
vn -0.4162 0.4696 -0.7786
vn -0.1374 0.8810 -0.4528
vn -0.2563 -0.4696 -0.8448
vn -0.1847 0.7715 -0.6088
vn -0.2248 -0.6326 -0.7412
vn -0.2248 0.6326 -0.7412
vn -0.1847 -0.7715 -0.6088
vn -0.2563 0.4696 -0.8448
vn -0.1374 -0.8810 -0.4528
vn -0.2779 0.2890 -0.9161
vn -0.0846 -0.9565 -0.2790
vn -0.2889 0.0975 -0.9524
vn -0.0286 0.9951 -0.0942
vn -0.0286 -0.9951 -0.0942
vn -0.2889 -0.0975 -0.9524
vn -0.0846 0.9565 -0.2790
vn -0.2779 -0.2890 -0.9161
vn -0.0938 0.2890 -0.9527
vn -0.0286 -0.9565 -0.2902
vn -0.0976 0.0975 -0.9904
vn -0.0097 0.9951 -0.0980
vn -0.0097 -0.9951 -0.0980
vn -0.0976 -0.0975 -0.9904
vn -0.0286 0.9565 -0.2902
vn -0.0938 -0.2890 -0.9527
vn -0.0464 0.8810 -0.4709
vn -0.0865 -0.4696 -0.8786
vn -0.0624 0.7715 -0.6332
vn -0.0759 -0.6326 -0.7708
vn -0.0759 0.6326 -0.7708
vn -0.0624 -0.7715 -0.6332
vn -0.0865 0.4696 -0.8786
vn -0.0464 -0.8810 -0.4709
vt 0.750000 0.125000
vt 0.750000 0.187500
vt 0.718750 0.187500
vt 0.718750 0.125000
vt 0.750000 0.562500
vt 0.750000 0.625000
vt 0.718750 0.625000
vt 0.718750 0.562500
vt 0.750000 0.062500
vt 0.718750 0.062500
vt 0.750000 0.500000
vt 0.718750 0.500000
vt 0.750000 0.937500
vt 0.734375 1.000000
vt 0.718750 0.937500
vt 0.734375 0.000000
vt 0.750000 0.437500
vt 0.718750 0.437500
vt 0.750000 0.875000
vt 0.718750 0.875000
vt 0.750000 0.375000
vt 0.718750 0.375000
vt 0.750000 0.812500
vt 0.718750 0.812500
vt 0.750000 0.312500
vt 0.718750 0.312500
vt 0.750000 0.750000
vt 0.718750 0.750000
vt 0.750000 0.250000
vt 0.718750 0.250000
vt 0.750000 0.687500
vt 0.718750 0.687500
vt 0.687500 0.250000
vt 0.687500 0.187500
vt 0.687500 0.687500
vt 0.687500 0.625000
vt 0.687500 0.125000
vt 0.687500 0.562500
vt 0.687500 0.062500
vt 0.687500 0.500000
vt 0.703125 1.000000
vt 0.687500 0.937500
vt 0.703125 0.000000
vt 0.687500 0.437500
vt 0.687500 0.875000
vt 0.687500 0.375000
vt 0.687500 0.812500
vt 0.687500 0.312500
vt 0.687500 0.750000
vt 0.656250 0.937500
vt 0.656250 0.875000
vt 0.656250 0.437500
vt 0.656250 0.375000
vt 0.656250 0.812500
vt 0.656250 0.312500
vt 0.656250 0.750000
vt 0.656250 0.250000
vt 0.656250 0.687500
vt 0.656250 0.187500
vt 0.656250 0.625000
vt 0.656250 0.125000
vt 0.656250 0.562500
vt 0.656250 0.062500
vt 0.656250 0.500000
vt 0.671875 1.000000
vt 0.671875 0.000000
vt 0.625000 0.687500
vt 0.625000 0.625000
vt 0.625000 0.187500
vt 0.625000 0.125000
vt 0.625000 0.562500
vt 0.625000 0.062500
vt 0.625000 0.500000
vt 0.640625 1.000000
vt 0.625000 0.937500
vt 0.640625 0.000000
vt 0.625000 0.437500
vt 0.625000 0.875000
vt 0.625000 0.375000
vt 0.625000 0.812500
vt 0.625000 0.312500
vt 0.625000 0.750000
vt 0.625000 0.250000
vt 0.593750 0.437500
vt 0.593750 0.375000
vt 0.593750 0.875000
vt 0.593750 0.812500
vt 0.593750 0.312500
vt 0.593750 0.750000
vt 0.593750 0.250000
vt 0.593750 0.687500
vt 0.593750 0.187500
vt 0.593750 0.625000
vt 0.593750 0.125000
vt 0.593750 0.562500
vt 0.593750 0.062500
vt 0.593750 0.500000
vt 0.609375 1.000000
vt 0.593750 0.937500
vt 0.609375 0.000000
vt 0.562500 0.187500
vt 0.562500 0.125000
vt 0.562500 0.625000
vt 0.562500 0.562500
vt 0.562500 0.062500
vt 0.562500 0.500000
vt 0.578125 1.000000
vt 0.562500 0.937500
vt 0.578125 0.000000
vt 0.562500 0.437500
vt 0.562500 0.875000
vt 0.562500 0.375000
vt 0.562500 0.812500
vt 0.562500 0.312500
vt 0.562500 0.750000
vt 0.562500 0.250000
vt 0.562500 0.687500
vt 0.531250 0.875000
vt 0.531250 0.812500
vt 0.531250 0.375000
vt 0.531250 0.312500
vt 0.531250 0.750000
vt 0.531250 0.250000
vt 0.531250 0.687500
vt 0.531250 0.187500
vt 0.531250 0.625000
vt 0.531250 0.125000
vt 0.531250 0.562500
vt 0.531250 0.062500
vt 0.531250 0.500000
vt 0.546875 1.000000
vt 0.531250 0.937500
vt 0.546875 0.000000
vt 0.531250 0.437500
vt 0.500000 0.625000
vt 0.500000 0.562500
vt 0.500000 0.125000
vt 0.500000 0.062500
vt 0.500000 0.500000
vt 0.515625 1.000000
vt 0.500000 0.937500
vt 0.515625 0.000000
vt 0.500000 0.437500
vt 0.500000 0.875000
vt 0.500000 0.375000
vt 0.500000 0.812500
vt 0.500000 0.312500
vt 0.500000 0.750000
vt 0.500000 0.250000
vt 0.500000 0.687500
vt 0.500000 0.187500
vt 0.468750 0.375000
vt 0.468750 0.312500
vt 0.468750 0.812500
vt 0.468750 0.750000
vt 0.468750 0.250000
vt 0.468750 0.687500
vt 0.468750 0.187500
vt 0.468750 0.625000
vt 0.468750 0.125000
vt 0.468750 0.562500
vt 0.468750 0.062500
vt 0.468750 0.500000
vt 0.484375 1.000000
vt 0.468750 0.937500
vt 0.484375 0.000000
vt 0.468750 0.437500
vt 0.468750 0.875000
vt 0.437500 0.125000
vt 0.437500 0.062500
vt 0.437500 0.562500
vt 0.437500 0.500000
vt 0.453125 1.000000
vt 0.437500 0.937500
vt 0.453125 0.000000
vt 0.437500 0.437500
vt 0.437500 0.875000
vt 0.437500 0.375000
vt 0.437500 0.812500
vt 0.437500 0.312500
vt 0.437500 0.750000
vt 0.437500 0.250000
vt 0.437500 0.687500
vt 0.437500 0.187500
vt 0.437500 0.625000
vt 0.406250 0.312500
vt 0.406250 0.250000
vt 0.406250 0.750000
vt 0.406250 0.687500
vt 0.406250 0.187500
vt 0.406250 0.625000
vt 0.406250 0.125000
vt 0.406250 0.562500
vt 0.406250 0.062500
vt 0.406250 0.500000
vt 0.421875 1.000000
vt 0.406250 0.937500
vt 0.421875 0.000000
vt 0.406250 0.437500
vt 0.406250 0.875000
vt 0.406250 0.375000
vt 0.406250 0.812500
vt 0.390625 1.000000
vt 0.375000 0.937500
vt 0.390625 0.000000
vt 0.375000 0.062500
vt 0.375000 0.500000
vt 0.375000 0.437500
vt 0.375000 0.875000
vt 0.375000 0.375000
vt 0.375000 0.812500
vt 0.375000 0.312500
vt 0.375000 0.750000
vt 0.375000 0.250000
vt 0.375000 0.687500
vt 0.375000 0.187500
vt 0.375000 0.625000
vt 0.375000 0.125000
vt 0.375000 0.562500
vt 0.343750 0.750000
vt 0.343750 0.687500
vt 0.343750 0.250000
vt 0.343750 0.187500
vt 0.343750 0.625000
vt 0.343750 0.125000
vt 0.343750 0.562500
vt 0.343750 0.062500
vt 0.343750 0.500000
vt 0.359375 1.000000
vt 0.343750 0.937500
vt 0.359375 0.000000
vt 0.343750 0.437500
vt 0.343750 0.875000
vt 0.343750 0.375000
vt 0.343750 0.812500
vt 0.343750 0.312500
vt 0.312500 0.500000
vt 0.312500 0.437500
vt 0.312500 0.937500
vt 0.312500 0.875000
vt 0.312500 0.375000
vt 0.312500 0.812500
vt 0.312500 0.312500
vt 0.312500 0.750000
vt 0.312500 0.250000
vt 0.312500 0.687500
vt 0.312500 0.187500
vt 0.312500 0.625000
vt 0.312500 0.125000
vt 0.312500 0.562500
vt 0.312500 0.062500
vt 0.328125 1.000000
vt 0.328125 0.000000
vt 0.281250 0.250000
vt 0.281250 0.187500
vt 0.281250 0.687500
vt 0.281250 0.625000
vt 0.281250 0.125000
vt 0.281250 0.562500
vt 0.281250 0.062500
vt 0.281250 0.500000
vt 0.296875 1.000000
vt 0.281250 0.937500
vt 0.296875 0.000000
vt 0.281250 0.437500
vt 0.281250 0.875000
vt 0.281250 0.375000
vt 0.281250 0.812500
vt 0.281250 0.312500
vt 0.281250 0.750000
vt 0.250000 0.937500
vt 0.250000 0.875000
vt 0.250000 0.437500
vt 0.250000 0.375000
vt 0.250000 0.812500
vt 0.250000 0.312500
vt 0.250000 0.750000
vt 0.250000 0.250000
vt 0.250000 0.687500
vt 0.250000 0.187500
vt 0.250000 0.625000
vt 0.250000 0.125000
vt 0.250000 0.562500
vt 0.250000 0.062500
vt 0.250000 0.500000
vt 0.265625 1.000000
vt 0.265625 0.000000
vt 0.218750 0.687500
vt 0.218750 0.625000
vt 0.218750 0.187500
vt 0.218750 0.125000
vt 0.218750 0.562500
vt 0.218750 0.062500
vt 0.218750 0.500000
vt 0.234375 1.000000
vt 0.218750 0.937500
vt 0.234375 0.000000
vt 0.218750 0.437500
vt 0.218750 0.875000
vt 0.218750 0.375000
vt 0.218750 0.812500
vt 0.218750 0.312500
vt 0.218750 0.750000
vt 0.218750 0.250000
vt 0.187500 0.437500
vt 0.187500 0.375000
vt 0.187500 0.875000
vt 0.187500 0.812500
vt 0.187500 0.312500
vt 0.187500 0.750000
vt 0.187500 0.250000
vt 0.187500 0.687500
vt 0.187500 0.187500
vt 0.187500 0.625000
vt 0.187500 0.125000
vt 0.187500 0.562500
vt 0.187500 0.062500
vt 0.187500 0.500000
vt 0.203125 1.000000
vt 0.187500 0.937500
vt 0.203125 0.000000
vt 0.156250 0.187500
vt 0.156250 0.125000
vt 0.156250 0.625000
vt 0.156250 0.562500
vt 0.156250 0.062500
vt 0.156250 0.500000
vt 0.171875 1.000000
vt 0.156250 0.937500
vt 0.171875 0.000000
vt 0.156250 0.437500
vt 0.156250 0.875000
vt 0.156250 0.375000
vt 0.156250 0.812500
vt 0.156250 0.312500
vt 0.156250 0.750000
vt 0.156250 0.250000
vt 0.156250 0.687500
vt 0.125000 0.375000
vt 0.125000 0.312500
vt 0.125000 0.812500
vt 0.125000 0.750000
vt 0.125000 0.250000
vt 0.125000 0.687500
vt 0.125000 0.187500
vt 0.125000 0.625000
vt 0.125000 0.125000
vt 0.125000 0.562500
vt 0.125000 0.062500
vt 0.125000 0.500000
vt 0.140625 1.000000
vt 0.125000 0.937500
vt 0.140625 0.000000
vt 0.125000 0.437500
vt 0.125000 0.875000
vt 0.093750 0.125000
vt 0.093750 0.062500
vt 0.093750 0.562500
vt 0.093750 0.500000
vt 0.109375 1.000000
vt 0.093750 0.937500
vt 0.109375 0.000000
vt 0.093750 0.437500
vt 0.093750 0.875000
vt 0.093750 0.375000
vt 0.093750 0.812500
vt 0.093750 0.312500
vt 0.093750 0.750000
vt 0.093750 0.250000
vt 0.093750 0.687500
vt 0.093750 0.187500
vt 0.093750 0.625000
vt 0.062500 0.812500
vt 0.062500 0.750000
vt 0.062500 0.312500
vt 0.062500 0.250000
vt 0.062500 0.687500
vt 0.062500 0.187500
vt 0.062500 0.625000
vt 0.062500 0.125000
vt 0.062500 0.562500
vt 0.062500 0.062500
vt 0.062500 0.500000
vt 0.078125 1.000000
vt 0.062500 0.937500
vt 0.078125 0.000000
vt 0.062500 0.437500
vt 0.062500 0.875000
vt 0.062500 0.375000
vt 0.031250 0.562500
vt 0.031250 0.500000
vt 0.046875 1.000000
vt 0.031250 0.937500
vt 0.046875 0.000000
vt 0.031250 0.062500
vt 0.031250 0.437500
vt 0.031250 0.875000
vt 0.031250 0.375000
vt 0.031250 0.812500
vt 0.031250 0.312500
vt 0.031250 0.750000
vt 0.031250 0.250000
vt 0.031250 0.687500
vt 0.031250 0.187500
vt 0.031250 0.625000
vt 0.031250 0.125000
vt 0.000000 0.312500
vt 0.000000 0.250000
vt 0.000000 0.750000
vt 0.000000 0.687500
vt 0.000000 0.187500
vt 0.000000 0.625000
vt 0.000000 0.125000
vt 0.000000 0.562500
vt 0.000000 0.062500
vt 0.000000 0.500000
vt 0.015625 1.000000
vt 0.000000 0.937500
vt 0.015625 0.000000
vt 0.000000 0.437500
vt 0.000000 0.875000
vt 0.000000 0.375000
vt 0.000000 0.812500
vt 1.000000 0.937500
vt 0.984375 1.000000
vt 0.968750 0.937500
vt 0.984375 0.000000
vt 1.000000 0.062500
vt 0.968750 0.062500
vt 1.000000 0.437500
vt 1.000000 0.500000
vt 0.968750 0.500000
vt 0.968750 0.437500
vt 1.000000 0.875000
vt 0.968750 0.875000
vt 1.000000 0.375000
vt 0.968750 0.375000
vt 1.000000 0.812500
vt 0.968750 0.812500
vt 1.000000 0.312500
vt 0.968750 0.312500
vt 1.000000 0.750000
vt 0.968750 0.750000
vt 1.000000 0.250000
vt 0.968750 0.250000
vt 1.000000 0.687500
vt 0.968750 0.687500
vt 1.000000 0.187500
vt 0.968750 0.187500
vt 1.000000 0.625000
vt 0.968750 0.625000
vt 1.000000 0.125000
vt 0.968750 0.125000
vt 1.000000 0.562500
vt 0.968750 0.562500
vt 0.937500 0.750000
vt 0.937500 0.687500
vt 0.937500 0.250000
vt 0.937500 0.187500
vt 0.937500 0.625000
vt 0.937500 0.125000
vt 0.937500 0.562500
vt 0.937500 0.062500
vt 0.937500 0.500000
vt 0.953125 1.000000
vt 0.937500 0.937500
vt 0.953125 0.000000
vt 0.937500 0.437500
vt 0.937500 0.875000
vt 0.937500 0.375000
vt 0.937500 0.812500
vt 0.937500 0.312500
vt 0.906250 0.500000
vt 0.906250 0.437500
vt 0.906250 0.937500
vt 0.906250 0.875000
vt 0.906250 0.375000
vt 0.906250 0.812500
vt 0.906250 0.312500
vt 0.906250 0.750000
vt 0.906250 0.250000
vt 0.906250 0.687500
vt 0.906250 0.187500
vt 0.906250 0.625000
vt 0.906250 0.125000
vt 0.906250 0.562500
vt 0.906250 0.062500
vt 0.921875 1.000000
vt 0.921875 0.000000
vt 0.875000 0.250000
vt 0.875000 0.187500
vt 0.875000 0.687500
vt 0.875000 0.625000
vt 0.875000 0.125000
vt 0.875000 0.562500
vt 0.875000 0.062500
vt 0.875000 0.500000
vt 0.890625 1.000000
vt 0.875000 0.937500
vt 0.890625 0.000000
vt 0.875000 0.437500
vt 0.875000 0.875000
vt 0.875000 0.375000
vt 0.875000 0.812500
vt 0.875000 0.312500
vt 0.875000 0.750000
vt 0.843750 0.437500
vt 0.843750 0.375000
vt 0.843750 0.875000
vt 0.843750 0.812500
vt 0.843750 0.312500
vt 0.843750 0.750000
vt 0.843750 0.250000
vt 0.843750 0.687500
vt 0.843750 0.187500
vt 0.843750 0.625000
vt 0.843750 0.125000
vt 0.843750 0.562500
vt 0.843750 0.062500
vt 0.843750 0.500000
vt 0.859375 1.000000
vt 0.843750 0.937500
vt 0.859375 0.000000
vt 0.812500 0.187500
vt 0.812500 0.125000
vt 0.812500 0.625000
vt 0.812500 0.562500
vt 0.812500 0.062500
vt 0.812500 0.500000
vt 0.828125 1.000000
vt 0.812500 0.937500
vt 0.828125 0.000000
vt 0.812500 0.437500
vt 0.812500 0.875000
vt 0.812500 0.375000
vt 0.812500 0.812500
vt 0.812500 0.312500
vt 0.812500 0.750000
vt 0.812500 0.250000
vt 0.812500 0.687500
vt 0.781250 0.875000
vt 0.781250 0.812500
vt 0.781250 0.375000
vt 0.781250 0.312500
vt 0.781250 0.750000
vt 0.781250 0.250000
vt 0.781250 0.687500
vt 0.781250 0.187500
vt 0.781250 0.625000
vt 0.781250 0.125000
vt 0.781250 0.562500
vt 0.781250 0.062500
vt 0.781250 0.500000
vt 0.796875 1.000000
vt 0.781250 0.937500
vt 0.796875 0.000000
vt 0.781250 0.437500
vt 0.765625 1.000000
vt 0.765625 0.000000
s 0
f 525/19/8 524/20/8 63/21/8 64/22/8
f 47/23/9 521/24/9 56/25/9 57/26/9
f 526/27/10 525/19/10 64/22/10 65/28/10
f 48/29/11 47/23/11 57/26/11 58/30/11
f 518/31/12 126/32/12 51/33/12
f 352/34/13 526/27/13 65/28/13
f 49/35/14 48/29/14 58/30/14 59/36/14
f 519/37/15 518/31/15 51/33/15 52/38/15
f 522/39/16 49/35/16 59/36/16 60/40/16
f 45/41/17 519/37/17 52/38/17 53/42/17
f 50/43/18 522/39/18 60/40/18 61/44/18
f 520/45/19 45/41/19 53/42/19 54/46/19
f 523/47/20 50/43/20 61/44/20 62/48/20
f 46/49/21 520/45/21 54/46/21 55/50/21
f 524/20/22 523/47/22 62/48/22 63/21/22
f 521/24/23 46/49/23 55/50/23 56/25/23
f 63/21/24 62/48/24 77/51/24 78/52/24
f 56/25/25 55/50/25 70/53/25 71/54/25
f 64/22/26 63/21/26 78/52/26 79/55/26
f 57/26/27 56/25/27 71/54/27 72/56/27
f 65/28/28 64/22/28 79/55/28 80/57/28
f 58/30/29 57/26/29 72/56/29 73/58/29
f 51/33/30 126/59/30 66/60/30
f 352/61/31 65/28/31 80/57/31
f 59/36/32 58/30/32 73/58/32 74/62/32
f 52/38/33 51/33/33 66/60/33 67/63/33
f 60/40/34 59/36/34 74/62/34 75/64/34
f 53/42/35 52/38/35 67/63/35 68/65/35
f 61/44/36 60/40/36 75/64/36 76/66/36
f 54/46/37 53/42/37 68/65/37 69/67/37
f 62/48/38 61/44/38 76/66/38 77/51/38
f 55/50/39 54/46/39 69/67/39 70/53/39
f 67/63/40 66/60/40 81/68/40 82/69/40
f 75/64/41 74/62/41 89/70/41 90/71/41
f 68/65/42 67/63/42 82/69/42 83/72/42
f 76/66/43 75/64/43 90/71/43 91/73/43
f 69/67/44 68/65/44 83/72/44 84/74/44
f 77/51/45 76/66/45 91/73/45 92/75/45
f 70/53/46 69/67/46 84/74/46 85/76/46
f 78/52/47 77/51/47 92/75/47 93/77/47
f 71/54/48 70/53/48 85/76/48 86/78/48
f 79/55/49 78/52/49 93/77/49 94/79/49
f 72/56/50 71/54/50 86/78/50 87/80/50
f 80/57/51 79/55/51 94/79/51 95/81/51
f 73/58/52 72/56/52 87/80/52 88/82/52
f 66/60/53 126/83/53 81/68/53
f 352/84/54 80/57/54 95/81/54
f 74/62/55 73/58/55 88/82/55 89/70/55
f 86/78/56 85/76/56 100/85/56 101/86/56
f 94/79/57 93/77/57 108/87/57 109/88/57
f 87/80/58 86/78/58 101/86/58 102/89/58
f 95/81/59 94/79/59 109/88/59 110/90/59
f 88/82/60 87/80/60 102/89/60 103/91/60
f 81/68/61 126/92/61 96/93/61
f 352/94/62 95/81/62 110/90/62
f 89/70/63 88/82/63 103/91/63 104/95/63
f 82/69/64 81/68/64 96/93/64 97/96/64
f 90/71/65 89/70/65 104/95/65 105/97/65
f 83/72/66 82/69/66 97/96/66 98/98/66
f 91/73/67 90/71/67 105/97/67 106/99/67
f 84/74/68 83/72/68 98/98/68 99/100/68
f 92/75/69 91/73/69 106/99/69 107/101/69
f 85/76/70 84/74/70 99/100/70 100/85/70
f 93/77/71 92/75/71 107/101/71 108/87/71
f 105/97/72 104/95/72 119/102/72 120/103/72
f 98/98/73 97/96/73 112/104/73 113/105/73
f 106/99/74 105/97/74 120/103/74 121/106/74
f 99/100/75 98/98/75 113/105/75 114/107/75
f 107/101/76 106/99/76 121/106/76 122/108/76
f 100/85/77 99/100/77 114/107/77 115/109/77
f 108/87/78 107/101/78 122/108/78 123/110/78
f 101/86/79 100/85/79 115/109/79 116/111/79
f 109/88/80 108/87/80 123/110/80 124/112/80
f 102/89/81 101/86/81 116/111/81 117/113/81
f 110/90/82 109/88/82 124/112/82 125/114/82
f 103/91/83 102/89/83 117/113/83 118/115/83
f 96/93/84 126/116/84 111/117/84
f 352/118/85 110/90/85 125/114/85
f 104/95/86 103/91/86 118/115/86 119/102/86
f 97/96/87 96/93/87 111/117/87 112/104/87
f 124/112/88 123/110/88 139/119/88 140/120/88
f 117/113/89 116/111/89 132/121/89 133/122/89
f 125/114/90 124/112/90 140/120/90 141/123/90
f 118/115/91 117/113/91 133/122/91 134/124/91
f 111/117/92 126/125/92 127/126/92
f 352/127/93 125/114/93 141/123/93
f 119/102/94 118/115/94 134/124/94 135/128/94
f 112/104/95 111/117/95 127/126/95 128/129/95
f 120/103/96 119/102/96 135/128/96 136/130/96
f 113/105/97 112/104/97 128/129/97 129/131/97
f 121/106/98 120/103/98 136/130/98 137/132/98
f 114/107/99 113/105/99 129/131/99 130/133/99
f 122/108/100 121/106/100 137/132/100 138/134/100
f 115/109/101 114/107/101 130/133/101 131/135/101
f 123/110/102 122/108/102 138/134/102 139/119/102
f 116/111/103 115/109/103 131/135/103 132/121/103
f 129/131/104 128/129/104 143/136/104 144/137/104
f 137/132/105 136/130/105 151/138/105 152/139/105
f 130/133/106 129/131/106 144/137/106 145/140/106
f 138/134/107 137/132/107 152/139/107 153/141/107
f 131/135/108 130/133/108 145/140/108 146/142/108
f 139/119/109 138/134/109 153/141/109 154/143/109
f 132/121/110 131/135/110 146/142/110 147/144/110
f 140/120/111 139/119/111 154/143/111 155/145/111
f 133/122/112 132/121/112 147/144/112 148/146/112
f 141/123/113 140/120/113 155/145/113 156/147/113
f 134/124/114 133/122/114 148/146/114 149/148/114
f 127/126/115 126/149/115 142/150/115
f 352/151/116 141/123/116 156/147/116
f 135/128/117 134/124/117 149/148/117 150/152/117
f 128/129/118 127/126/118 142/150/118 143/136/118
f 136/130/119 135/128/119 150/152/119 151/138/119
f 148/146/120 147/144/120 162/153/120 163/154/120
f 156/147/121 155/145/121 170/155/121 171/156/121
f 149/148/122 148/146/122 163/154/122 164/157/122
f 142/150/123 126/158/123 157/159/123
f 352/160/124 156/147/124 171/156/124
f 150/152/125 149/148/125 164/157/125 165/161/125
f 143/136/126 142/150/126 157/159/126 158/162/126
f 151/138/127 150/152/127 165/161/127 166/163/127
f 144/137/128 143/136/128 158/162/128 159/164/128
f 152/139/129 151/138/129 166/163/129 167/165/129
f 145/140/130 144/137/130 159/164/130 160/166/130
f 153/141/131 152/139/131 167/165/131 168/167/131
f 146/142/132 145/140/132 160/166/132 161/168/132
f 154/143/133 153/141/133 168/167/133 169/169/133
f 147/144/134 146/142/134 161/168/134 162/153/134
f 155/145/135 154/143/135 169/169/135 170/155/135
f 167/165/136 166/163/136 181/170/136 182/171/136
f 160/166/137 159/164/137 174/172/137 175/173/137
f 168/167/138 167/165/138 182/171/138 183/174/138
f 161/168/139 160/166/139 175/173/139 176/175/139
f 169/169/140 168/167/140 183/174/140 184/176/140
f 162/153/141 161/168/141 176/175/141 177/177/141
f 170/155/142 169/169/142 184/176/142 185/178/142
f 163/154/143 162/153/143 177/177/143 178/179/143
f 171/156/144 170/155/144 185/178/144 186/180/144
f 164/157/145 163/154/145 178/179/145 179/181/145
f 157/159/146 126/182/146 172/183/146
f 352/184/147 171/156/147 186/180/147
f 165/161/148 164/157/148 179/181/148 180/185/148
f 158/162/149 157/159/149 172/183/149 173/186/149
f 166/163/150 165/161/150 180/185/150 181/170/150
f 159/164/151 158/162/151 173/186/151 174/172/151
f 186/180/152 185/178/152 200/187/152 201/188/152
f 179/181/153 178/179/153 193/189/153 194/190/153
f 172/183/154 126/191/154 187/192/154
f 352/193/155 186/180/155 201/188/155
f 180/185/156 179/181/156 194/190/156 195/194/156
f 173/186/157 172/183/157 187/192/157 188/195/157
f 181/170/158 180/185/158 195/194/158 196/196/158
f 174/172/159 173/186/159 188/195/159 189/197/159
f 182/171/160 181/170/160 196/196/160 197/198/160
f 175/173/161 174/172/161 189/197/161 190/199/161
f 183/174/162 182/171/162 197/198/162 198/200/162
f 176/175/163 175/173/163 190/199/163 191/201/163
f 184/176/164 183/174/164 198/200/164 199/202/164
f 177/177/165 176/175/165 191/201/165 192/203/165
f 185/178/166 184/176/166 199/202/166 200/187/166
f 178/179/167 177/177/167 192/203/167 193/189/167
f 198/200/168 197/198/168 212/204/168 213/205/168
f 191/201/169 190/199/169 205/206/169 206/207/169
f 199/202/170 198/200/170 213/205/170 214/208/170
f 192/203/171 191/201/171 206/207/171 207/209/171
f 200/187/172 199/202/172 214/208/172 215/210/172
f 193/189/173 192/203/173 207/209/173 208/211/173
f 201/188/174 200/187/174 215/210/174 216/212/174
f 194/190/175 193/189/175 208/211/175 209/213/175
f 187/192/176 126/214/176 202/215/176
f 352/216/177 201/188/177 216/212/177
f 195/194/178 194/190/178 209/213/178 210/217/178
f 188/195/179 187/192/179 202/215/179 203/218/179
f 196/196/180 195/194/180 210/217/180 211/219/180
f 189/197/181 188/195/181 203/218/181 204/220/181
f 197/198/182 196/196/182 211/219/182 212/204/182
f 190/199/183 189/197/183 204/220/183 205/206/183
f 202/215/184 126/221/184 217/222/184
f 352/223/185 216/212/185 231/224/185
f 210/217/186 209/213/186 224/225/186 225/226/186
f 203/218/187 202/215/187 217/222/187 218/227/187
f 211/219/188 210/217/188 225/226/188 226/228/188
f 204/220/189 203/218/189 218/227/189 219/229/189
f 212/204/190 211/219/190 226/228/190 227/230/190
f 205/206/191 204/220/191 219/229/191 220/231/191
f 213/205/192 212/204/192 227/230/192 228/232/192
f 206/207/193 205/206/193 220/231/193 221/233/193
f 214/208/194 213/205/194 228/232/194 229/234/194
f 207/209/195 206/207/195 221/233/195 222/235/195
f 215/210/196 214/208/196 229/234/196 230/236/196
f 208/211/197 207/209/197 222/235/197 223/237/197
f 216/212/198 215/210/198 230/236/198 231/224/198
f 209/213/199 208/211/199 223/237/199 224/225/199
f 221/233/200 220/231/200 235/238/200 236/239/200
f 229/234/201 228/232/201 243/240/201 244/241/201
f 222/235/202 221/233/202 236/239/202 237/242/202
f 230/236/203 229/234/203 244/241/203 245/243/203
f 223/237/204 222/235/204 237/242/204 238/244/204
f 231/224/205 230/236/205 245/243/205 246/245/205
f 224/225/206 223/237/206 238/244/206 239/246/206
f 217/222/207 126/247/207 232/248/207
f 352/249/208 231/224/208 246/245/208
f 225/226/209 224/225/209 239/246/209 240/250/209
f 218/227/210 217/222/210 232/248/210 233/251/210
f 226/228/211 225/226/211 240/250/211 241/252/211
f 219/229/212 218/227/212 233/251/212 234/253/212
f 227/230/213 226/228/213 241/252/213 242/254/213
f 220/231/214 219/229/214 234/253/214 235/238/214
f 228/232/215 227/230/215 242/254/215 243/240/215
f 240/250/216 239/246/216 254/255/216 255/256/216
f 233/251/217 232/248/217 247/257/217 248/258/217
f 241/252/218 240/250/218 255/256/218 256/259/218
f 234/253/219 233/251/219 248/258/219 249/260/219
f 242/254/220 241/252/220 256/259/220 257/261/220
f 235/238/221 234/253/221 249/260/221 250/262/221
f 243/240/222 242/254/222 257/261/222 258/263/222
f 236/239/223 235/238/223 250/262/223 251/264/223
f 244/241/224 243/240/224 258/263/224 259/265/224
f 237/242/225 236/239/225 251/264/225 252/266/225
f 245/243/226 244/241/226 259/265/226 260/267/226
f 238/244/227 237/242/227 252/266/227 253/268/227
f 246/245/228 245/243/228 260/267/228 261/269/228
f 239/246/229 238/244/229 253/268/229 254/255/229
f 232/248/230 126/270/230 247/257/230
f 352/271/231 246/245/231 261/269/231
f 259/265/232 258/263/232 273/272/232 274/273/232
f 252/266/233 251/264/233 266/274/233 267/275/233
f 260/267/234 259/265/234 274/273/234 275/276/234
f 253/268/235 252/266/235 267/275/235 268/277/235
f 261/269/236 260/267/236 275/276/236 276/278/236
f 254/255/237 253/268/237 268/277/237 269/279/237
f 247/257/238 126/280/238 262/281/238
f 352/282/239 261/269/239 276/278/239
f 255/256/240 254/255/240 269/279/240 270/283/240
f 248/258/241 247/257/241 262/281/241 263/284/241
f 256/259/242 255/256/242 270/283/242 271/285/242
f 249/260/243 248/258/243 263/284/243 264/286/243
f 257/261/244 256/259/244 271/285/244 272/287/244
f 250/262/245 249/260/245 264/286/245 265/288/245
f 258/263/246 257/261/246 272/287/246 273/272/246
f 251/264/247 250/262/247 265/288/247 266/274/247
f 263/284/248 262/281/248 277/289/248 278/290/248
f 271/285/249 270/283/249 285/291/249 286/292/249
f 264/286/250 263/284/250 278/290/250 279/293/250
f 272/287/251 271/285/251 286/292/251 287/294/251
f 265/288/252 264/286/252 279/293/252 280/295/252
f 273/272/253 272/287/253 287/294/253 288/296/253
f 266/274/254 265/288/254 280/295/254 281/297/254
f 274/273/255 273/272/255 288/296/255 289/298/255
f 267/275/256 266/274/256 281/297/256 282/299/256
f 275/276/257 274/273/257 289/298/257 290/300/257
f 268/277/258 267/275/258 282/299/258 283/301/258
f 276/278/259 275/276/259 290/300/259 291/302/259
f 269/279/260 268/277/260 283/301/260 284/303/260
f 262/281/261 126/304/261 277/289/261
f 352/305/262 276/278/262 291/302/262
f 270/283/263 269/279/263 284/303/263 285/291/263
f 282/299/264 281/297/264 296/306/264 297/307/264
f 290/300/265 289/298/265 304/308/265 305/309/265
f 283/301/266 282/299/266 297/307/266 298/310/266
f 291/302/267 290/300/267 305/309/267 306/311/267
f 284/303/268 283/301/268 298/310/268 299/312/268
f 277/289/269 126/313/269 292/314/269
f 352/315/270 291/302/270 306/311/270
f 285/291/271 284/303/271 299/312/271 300/316/271
f 278/290/272 277/289/272 292/314/272 293/317/272
f 286/292/273 285/291/273 300/316/273 301/318/273
f 279/293/274 278/290/274 293/317/274 294/319/274
f 287/294/275 286/292/275 301/318/275 302/320/275
f 280/295/276 279/293/276 294/319/276 295/321/276
f 288/296/277 287/294/277 302/320/277 303/322/277
f 281/297/278 280/295/278 295/321/278 296/306/278
f 289/298/279 288/296/279 303/322/279 304/308/279
f 301/318/280 300/316/280 315/323/280 316/324/280
f 294/319/281 293/317/281 308/325/281 309/326/281
f 302/320/282 301/318/282 316/324/282 317/327/282
f 295/321/283 294/319/283 309/326/283 310/328/283
f 303/322/284 302/320/284 317/327/284 318/329/284
f 296/306/285 295/321/285 310/328/285 311/330/285
f 304/308/286 303/322/286 318/329/286 319/331/286
f 297/307/287 296/306/287 311/330/287 312/332/287
f 305/309/288 304/308/288 319/331/288 320/333/288
f 298/310/289 297/307/289 312/332/289 313/334/289
f 306/311/290 305/309/290 320/333/290 321/335/290
f 299/312/291 298/310/291 313/334/291 314/336/291
f 292/314/292 126/337/292 307/338/292
f 352/339/293 306/311/293 321/335/293
f 300/316/294 299/312/294 314/336/294 315/323/294
f 293/317/295 292/314/295 307/338/295 308/325/295
f 320/333/296 319/331/296 334/340/296 335/341/296
f 313/334/297 312/332/297 327/342/297 328/343/297
f 321/335/298 320/333/298 335/341/298 336/344/298
f 314/336/299 313/334/299 328/343/299 329/345/299
f 307/338/300 126/346/300 322/347/300
f 352/348/301 321/335/301 336/344/301
f 315/323/302 314/336/302 329/345/302 330/349/302
f 308/325/303 307/338/303 322/347/303 323/350/303
f 316/324/304 315/323/304 330/349/304 331/351/304
f 309/326/305 308/325/305 323/350/305 324/352/305
f 317/327/306 316/324/306 331/351/306 332/353/306
f 310/328/307 309/326/307 324/352/307 325/354/307
f 318/329/308 317/327/308 332/353/308 333/355/308
f 311/330/309 310/328/309 325/354/309 326/356/309
f 319/331/310 318/329/310 333/355/310 334/340/310
f 312/332/311 311/330/311 326/356/311 327/342/311
f 332/353/312 331/351/312 346/357/312 347/358/312
f 325/354/313 324/352/313 339/359/313 340/360/313
f 333/355/314 332/353/314 347/358/314 348/361/314
f 326/356/315 325/354/315 340/360/315 341/362/315
f 334/340/316 333/355/316 348/361/316 349/363/316
f 327/342/317 326/356/317 341/362/317 342/364/317
f 335/341/318 334/340/318 349/363/318 350/365/318
f 328/343/319 327/342/319 342/364/319 343/366/319
f 336/344/320 335/341/320 350/365/320 351/367/320
f 329/345/321 328/343/321 343/366/321 344/368/321
f 322/347/322 126/369/322 337/370/322
f 352/371/323 336/344/323 351/367/323
f 330/349/324 329/345/324 344/368/324 345/372/324
f 323/350/325 322/347/325 337/370/325 338/373/325
f 331/351/326 330/349/326 345/372/326 346/357/326
f 324/352/327 323/350/327 338/373/327 339/359/327
f 351/367/328 350/365/328 366/374/328 367/375/328
f 344/368/329 343/366/329 359/376/329 360/377/329
f 337/370/330 126/378/330 353/379/330
f 352/380/331 351/367/331 367/375/331
f 345/372/332 344/368/332 360/377/332 361/381/332
f 338/373/333 337/370/333 353/379/333 354/382/333
f 346/357/334 345/372/334 361/381/334 362/383/334
f 339/359/335 338/373/335 354/382/335 355/384/335
f 347/358/336 346/357/336 362/383/336 363/385/336
f 340/360/337 339/359/337 355/384/337 356/386/337
f 348/361/338 347/358/338 363/385/338 364/387/338
f 341/362/339 340/360/339 356/386/339 357/388/339
f 349/363/340 348/361/340 364/387/340 365/389/340
f 342/364/341 341/362/341 357/388/341 358/390/341
f 350/365/342 349/363/342 365/389/342 366/374/342
f 343/366/343 342/364/343 358/390/343 359/376/343
f 356/386/344 355/384/344 370/391/344 371/392/344
f 364/387/345 363/385/345 378/393/345 379/394/345
f 357/388/346 356/386/346 371/392/346 372/395/346
f 365/389/347 364/387/347 379/394/347 380/396/347
f 358/390/348 357/388/348 372/395/348 373/397/348
f 366/374/349 365/389/349 380/396/349 381/398/349
f 359/376/350 358/390/350 373/397/350 374/399/350
f 367/375/351 366/374/351 381/398/351 382/400/351
f 360/377/352 359/376/352 374/399/352 375/401/352
f 353/379/353 126/402/353 368/403/353
f 352/404/354 367/375/354 382/400/354
f 361/381/355 360/377/355 375/401/355 376/405/355
f 354/382/356 353/379/356 368/403/356 369/406/356
f 362/383/357 361/381/357 376/405/357 377/407/357
f 355/384/358 354/382/358 369/406/358 370/391/358
f 363/385/359 362/383/359 377/407/359 378/393/359
f 375/401/360 374/399/360 389/408/360 390/409/360
f 368/403/361 126/410/361 383/411/361
f 352/412/362 382/400/362 397/413/362
f 376/405/363 375/401/363 390/409/363 391/414/363
f 369/406/364 368/403/364 383/411/364 384/415/364
f 377/407/365 376/405/365 391/414/365 392/416/365
f 370/391/366 369/406/366 384/415/366 385/417/366
f 378/393/367 377/407/367 392/416/367 393/418/367
f 371/392/368 370/391/368 385/417/368 386/419/368
f 379/394/369 378/393/369 393/418/369 394/420/369
f 372/395/370 371/392/370 386/419/370 387/421/370
f 380/396/371 379/394/371 394/420/371 395/422/371
f 373/397/372 372/395/372 387/421/372 388/423/372
f 381/398/373 380/396/373 395/422/373 396/424/373
f 374/399/374 373/397/374 388/423/374 389/408/374
f 382/400/375 381/398/375 396/424/375 397/413/375
f 394/420/376 393/418/376 408/425/376 409/426/376
f 387/421/377 386/419/377 401/427/377 402/428/377
f 395/422/378 394/420/378 409/426/378 410/429/378
f 388/423/379 387/421/379 402/428/379 403/430/379
f 396/424/380 395/422/380 410/429/380 411/431/380
f 389/408/381 388/423/381 403/430/381 404/432/381
f 397/413/382 396/424/382 411/431/382 412/433/382
f 390/409/383 389/408/383 404/432/383 405/434/383
f 383/411/384 126/435/384 398/436/384
f 352/437/385 397/413/385 412/433/385
f 391/414/386 390/409/386 405/434/386 406/438/386
f 384/415/387 383/411/387 398/436/387 399/439/387
f 392/416/388 391/414/388 406/438/388 407/440/388
f 385/417/389 384/415/389 399/439/389 400/441/389
f 393/418/390 392/416/390 407/440/390 408/425/390
f 386/419/391 385/417/391 400/441/391 401/427/391
f 398/442/392 126/443/392 413/444/392
f 352/445/393 412/446/393 427/447/393
f 406/448/394 405/449/394 420/450/394 421/451/394
f 399/452/395 398/442/395 413/444/395 414/453/395
f 407/454/396 406/448/396 421/451/396 422/455/396
f 400/456/397 399/452/397 414/453/397 415/457/397
f 408/458/398 407/454/398 422/455/398 423/459/398
f 401/460/399 400/456/399 415/457/399 416/461/399
f 409/462/400 408/458/400 423/459/400 424/463/400
f 402/464/401 401/460/401 416/461/401 417/465/401
f 410/466/402 409/462/402 424/463/402 425/467/402
f 403/468/403 402/464/403 417/465/403 418/469/403
f 411/470/404 410/466/404 425/467/404 426/471/404
f 404/472/405 403/468/405 418/469/405 419/473/405
f 412/446/406 411/470/406 426/471/406 427/447/406
f 405/449/407 404/472/407 419/473/407 420/450/407
f 417/465/408 416/461/408 431/474/408 432/475/408
f 425/467/409 424/463/409 439/476/409 440/477/409
f 418/469/410 417/465/410 432/475/410 433/478/410
f 426/471/411 425/467/411 440/477/411 441/479/411
f 419/473/412 418/469/412 433/478/412 434/480/412
f 427/447/413 426/471/413 441/479/413 442/481/413
f 420/450/414 419/473/414 434/480/414 435/482/414
f 413/444/415 126/483/415 428/484/415
f 352/485/416 427/447/416 442/481/416
f 421/451/417 420/450/417 435/482/417 436/486/417
f 414/453/418 413/444/418 428/484/418 429/487/418
f 422/455/419 421/451/419 436/486/419 437/488/419
f 415/457/420 414/453/420 429/487/420 430/489/420
f 423/459/421 422/455/421 437/488/421 438/490/421
f 416/461/422 415/457/422 430/489/422 431/474/422
f 424/463/423 423/459/423 438/490/423 439/476/423
f 436/486/424 435/482/424 450/491/424 451/492/424
f 429/487/425 428/484/425 443/493/425 444/494/425
f 437/488/426 436/486/426 451/492/426 452/495/426
f 430/489/427 429/487/427 444/494/427 445/496/427
f 438/490/428 437/488/428 452/495/428 453/497/428
f 431/474/429 430/489/429 445/496/429 446/498/429
f 439/476/430 438/490/430 453/497/430 454/499/430
f 432/475/431 431/474/431 446/498/431 447/500/431
f 440/477/432 439/476/432 454/499/432 455/501/432
f 433/478/433 432/475/433 447/500/433 448/502/433
f 441/479/434 440/477/434 455/501/434 456/503/434
f 434/480/435 433/478/435 448/502/435 449/504/435
f 442/481/436 441/479/436 456/503/436 457/505/436
f 435/482/437 434/480/437 449/504/437 450/491/437
f 428/484/438 126/506/438 443/493/438
f 352/507/439 442/481/439 457/505/439
f 455/501/440 454/499/440 469/508/440 470/509/440
f 448/502/441 447/500/441 462/510/441 463/511/441
f 456/503/442 455/501/442 470/509/442 471/512/442
f 449/504/443 448/502/443 463/511/443 464/513/443
f 457/505/444 456/503/444 471/512/444 472/514/444
f 450/491/445 449/504/445 464/513/445 465/515/445
f 443/493/446 126/516/446 458/517/446
f 352/518/447 457/505/447 472/514/447
f 451/492/448 450/491/448 465/515/448 466/519/448
f 444/494/449 443/493/449 458/517/449 459/520/449
f 452/495/450 451/492/450 466/519/450 467/521/450
f 445/496/451 444/494/451 459/520/451 460/522/451
f 453/497/452 452/495/452 467/521/452 468/523/452
f 446/498/453 445/496/453 460/522/453 461/524/453
f 454/499/454 453/497/454 468/523/454 469/508/454
f 447/500/455 446/498/455 461/524/455 462/510/455
f 467/521/456 466/519/456 481/525/456 482/526/456
f 460/522/457 459/520/457 474/527/457 475/528/457
f 468/523/458 467/521/458 482/526/458 483/529/458
f 461/524/459 460/522/459 475/528/459 476/530/459
f 469/508/460 468/523/460 483/529/460 484/531/460
f 462/510/461 461/524/461 476/530/461 477/532/461
f 470/509/462 469/508/462 484/531/462 485/533/462
f 463/511/463 462/510/463 477/532/463 478/534/463
f 471/512/464 470/509/464 485/533/464 486/535/464
f 464/513/465 463/511/465 478/534/465 479/536/465
f 472/514/466 471/512/466 486/535/466 487/537/466
f 465/515/467 464/513/467 479/536/467 480/538/467
f 458/517/468 126/539/468 473/540/468
f 352/541/469 472/514/469 487/537/469
f 466/519/470 465/515/470 480/538/470 481/525/470
f 459/520/471 458/517/471 473/540/471 474/527/471
f 486/535/472 485/533/472 500/542/472 501/543/472
f 479/536/473 478/534/473 493/544/473 494/545/473
f 487/537/474 486/535/474 501/543/474 502/546/474
f 480/538/475 479/536/475 494/545/475 495/547/475
f 473/540/476 126/548/476 488/549/476
f 352/550/477 487/537/477 502/546/477
f 481/525/478 480/538/478 495/547/478 496/551/478
f 474/527/479 473/540/479 488/549/479 489/552/479
f 482/526/480 481/525/480 496/551/480 497/553/480
f 475/528/481 474/527/481 489/552/481 490/554/481
f 483/529/482 482/526/482 497/553/482 498/555/482
f 476/530/483 475/528/483 490/554/483 491/556/483
f 484/531/484 483/529/484 498/555/484 499/557/484
f 477/532/485 476/530/485 491/556/485 492/558/485
f 485/533/486 484/531/486 499/557/486 500/542/486
f 478/534/487 477/532/487 492/558/487 493/544/487
f 490/554/488 489/552/488 504/559/488 505/560/488
f 498/555/489 497/553/489 512/561/489 513/562/489
f 491/556/490 490/554/490 505/560/490 506/563/490
f 499/557/491 498/555/491 513/562/491 514/564/491
f 492/558/492 491/556/492 506/563/492 507/565/492
f 500/542/493 499/557/493 514/564/493 515/566/493
f 493/544/494 492/558/494 507/565/494 508/567/494
f 501/543/495 500/542/495 515/566/495 516/568/495
f 494/545/496 493/544/496 508/567/496 509/569/496
f 502/546/497 501/543/497 516/568/497 517/570/497
f 495/547/498 494/545/498 509/569/498 510/571/498
f 488/549/499 126/572/499 503/573/499
f 352/574/500 502/546/500 517/570/500
f 496/551/501 495/547/501 510/571/501 511/575/501
f 489/552/502 488/549/502 503/573/502 504/559/502
f 497/553/503 496/551/503 511/575/503 512/561/503
f 509/569/504 508/567/504 521/24/504 47/23/504
f 517/570/505 516/568/505 525/19/505 526/27/505
f 510/571/506 509/569/506 47/23/506 48/29/506
f 503/573/507 126/576/507 518/31/507
f 352/577/508 517/570/508 526/27/508
f 511/575/509 510/571/509 48/29/509 49/35/509
f 504/559/510 503/573/510 518/31/510 519/37/510
f 512/561/511 511/575/511 49/35/511 522/39/511
f 505/560/512 504/559/512 519/37/512 45/41/512
f 513/562/513 512/561/513 522/39/513 50/43/513
f 506/563/514 505/560/514 45/41/514 520/45/514
f 514/564/515 513/562/515 50/43/515 523/47/515
f 507/565/516 506/563/516 520/45/516 46/49/516
f 515/566/517 514/564/517 523/47/517 524/20/517
f 508/567/518 507/565/518 46/49/518 521/24/518
f 516/568/519 515/566/519 524/20/519 525/19/519
o Icosphere
v 0.000000 -1.000000 0.000000
v 0.723607 -0.447220 0.525725
v -0.276388 -0.447220 0.850649
v -0.894426 -0.447216 0.000000
v -0.276388 -0.447220 -0.850649
v 0.723607 -0.447220 -0.525725
v 0.276388 0.447220 0.850649
v -0.723607 0.447220 0.525725
v -0.723607 0.447220 -0.525725
v 0.276388 0.447220 -0.850649
v 0.894426 0.447216 0.000000
v 0.000000 1.000000 0.000000
v -0.162456 -0.850654 0.499995
v 0.425323 -0.850654 0.309011
v 0.262869 -0.525738 0.809012
v 0.850648 -0.525736 0.000000
v 0.425323 -0.850654 -0.309011
v -0.525730 -0.850652 0.000000
v -0.688189 -0.525736 0.499997
v -0.162456 -0.850654 -0.499995
v -0.688189 -0.525736 -0.499997
v 0.262869 -0.525738 -0.809012
v 0.951058 0.000000 0.309013
v 0.951058 0.000000 -0.309013
v 0.000000 0.000000 1.000000
v 0.587786 0.000000 0.809017
v -0.951058 0.000000 0.309013
v -0.587786 0.000000 0.809017
v -0.587786 0.000000 -0.809017
v -0.951058 0.000000 -0.309013
v 0.587786 0.000000 -0.809017
v 0.000000 0.000000 -1.000000
v 0.688189 0.525736 0.499997
v -0.262869 0.525738 0.809012
v -0.850648 0.525736 0.000000
v -0.262869 0.525738 -0.809012
v 0.688189 0.525736 -0.499997
v 0.162456 0.850654 0.499995
v 0.525730 0.850652 0.000000
v -0.425323 0.850654 0.309011
v -0.425323 0.850654 -0.309011
v 0.162456 0.850654 -0.499995
vn 0.1024 -0.9435 0.3151
vn 0.7002 -0.6617 0.2680
vn -0.2680 -0.9435 0.1947
vn -0.2680 -0.9435 -0.1947
vn 0.1024 -0.9435 -0.3151
vn 0.9050 -0.3304 0.2680
vn 0.0247 -0.3304 0.9435
vn -0.8897 -0.3304 0.3151
vn -0.5746 -0.3304 -0.7488
vn 0.5346 -0.3304 -0.7779
vn 0.8026 -0.1256 0.5831
vn -0.3066 -0.1256 0.9435
vn -0.9921 -0.1256 -0.0000
vn -0.3066 -0.1256 -0.9435
vn 0.8026 -0.1256 -0.5831
vn 0.4089 0.6617 0.6284
vn -0.4713 0.6617 0.5831
vn -0.7002 0.6617 -0.2680
vn 0.0385 0.6617 -0.7488
vn 0.7240 0.6617 -0.1947
vn 0.2680 0.9435 -0.1947
vn 0.4911 0.7947 -0.3568
vn 0.4089 0.6617 -0.6284
vn -0.1024 0.9435 -0.3151
vn -0.1876 0.7947 -0.5773
vn -0.4713 0.6617 -0.5831
vn -0.3313 0.9435 -0.0000
vn -0.6071 0.7947 -0.0000
vn -0.7002 0.6617 0.2680
vn -0.1024 0.9435 0.3151
vn -0.1876 0.7947 0.5773
vn 0.0385 0.6617 0.7488
vn 0.2680 0.9435 0.1947
vn 0.4911 0.7947 0.3568
vn 0.7240 0.6617 0.1947
vn 0.8897 0.3304 -0.3151
vn 0.7947 0.1876 -0.5773
vn 0.5746 0.3304 -0.7488
vn -0.0247 0.3304 -0.9435
vn -0.3035 0.1876 -0.9342
vn -0.5346 0.3304 -0.7779
vn -0.9050 0.3304 -0.2680
vn -0.9822 0.1876 -0.0000
vn -0.9050 0.3304 0.2680
vn -0.5346 0.3304 0.7779
vn -0.3035 0.1876 0.9342
vn -0.0247 0.3304 0.9435
vn 0.5746 0.3304 0.7488
vn 0.7947 0.1876 0.5773
vn 0.8897 0.3304 0.3151
vn 0.3066 0.1256 -0.9435
vn 0.3035 -0.1876 -0.9342
vn 0.0247 -0.3304 -0.9435
vn -0.8026 0.1256 -0.5831
vn -0.7947 -0.1876 -0.5773
vn -0.8897 -0.3304 -0.3151
vn -0.8026 0.1256 0.5831
vn -0.7947 -0.1876 0.5773
vn -0.5746 -0.3304 0.7488
vn 0.3066 0.1256 0.9435
vn 0.3035 -0.1876 0.9342
vn 0.5346 -0.3304 0.7779
vn 0.9921 0.1256 -0.0000
vn 0.9822 -0.1876 -0.0000
vn 0.9050 -0.3304 -0.2680
vn 0.4713 -0.6617 -0.5831
vn 0.1876 -0.7947 -0.5773
vn -0.0385 -0.6617 -0.7488
vn -0.4089 -0.6617 -0.6284
vn -0.4911 -0.7947 -0.3568
vn -0.7240 -0.6617 -0.1947
vn -0.7240 -0.6617 0.1947
vn -0.4911 -0.7947 0.3568
vn -0.4089 -0.6617 0.6284
vn 0.7002 -0.6617 -0.2680
vn 0.6071 -0.7947 -0.0000
vn 0.3313 -0.9435 -0.0000
vn -0.0385 -0.6617 0.7488
vn 0.1876 -0.7947 0.5773
vn 0.4713 -0.6617 0.5831
vt 0.181819 0.000000
vt 0.227273 0.078731
vt 0.136365 0.078731
vt 0.272728 0.157461
vt 0.318182 0.078731
vt 0.363637 0.157461
vt 0.909091 0.000000
vt 0.954545 0.078731
vt 0.863636 0.078731
vt 0.727273 0.000000
vt 0.772727 0.078731
vt 0.681818 0.078731
vt 0.545455 0.000000
vt 0.590909 0.078731
vt 0.500000 0.078731
vt 0.318182 0.236191
vt 0.090910 0.157461
vt 0.181819 0.157461
vt 0.136365 0.236191
vt 0.818182 0.157461
vt 0.909091 0.157461
vt 0.863636 0.236191
vt 0.636364 0.157461
vt 0.727273 0.157461
vt 0.681818 0.236191
vt 0.454546 0.157461
vt 0.545455 0.157461
vt 0.500000 0.236191
vt 0.227273 0.236191
vt 0.045455 0.236191
vt 0.772727 0.236191
vt 0.590909 0.236191
vt 0.409092 0.236191
vt 0.181819 0.314921
vt 0.272728 0.314921
vt 0.227273 0.393651
vt 0.000000 0.314921
vt 0.090910 0.314921
vt 0.045455 0.393651
vt 0.727273 0.314921
vt 0.818182 0.314921
vt 0.772727 0.393651
vt 0.545455 0.314921
vt 0.636364 0.314921
vt 0.590909 0.393651
vt 0.363637 0.314921
vt 0.454546 0.314921
vt 0.409092 0.393651
vt 0.500000 0.393651
vt 0.454546 0.472382
vt 0.681818 0.393651
vt 0.636364 0.472382
vt 0.863636 0.393651
vt 0.818182 0.472382
vt 0.909091 0.314921
vt 0.136365 0.393651
vt 0.090910 0.472382
vt 0.318182 0.393651
vt 0.272728 0.472382
vt 0.954545 0.236191
vt 1.000000 0.157461
vt 0.409092 0.078731
vt 0.363637 0.000000
s 0
f 527/578/520 540/579/520 539/580/520
f 528/581/521 540/582/521 542/583/521
f 527/584/522 539/585/522 544/586/522
f 527/587/523 544/588/523 546/589/523
f 527/590/524 546/591/524 543/592/524
f 528/581/525 542/583/525 549/593/525
f 529/594/526 541/595/526 551/596/526
f 530/597/527 545/598/527 553/599/527
f 531/600/528 547/601/528 555/602/528
f 532/603/529 548/604/529 557/605/529
f 528/581/530 549/593/530 552/606/530
f 529/594/531 551/596/531 554/607/531
f 530/597/532 553/599/532 556/608/532
f 531/600/533 555/602/533 558/609/533
f 532/603/534 557/605/534 550/610/534
f 533/611/535 559/612/535 564/613/535
f 534/614/536 560/615/536 566/616/536
f 535/617/537 561/618/537 567/619/537
f 536/620/538 562/621/538 568/622/538
f 537/623/539 563/624/539 565/625/539
f 565/625/540 568/626/540 538/627/540
f 565/625/541 563/624/541 568/626/541
f 563/624/542 536/620/542 568/626/542
f 568/622/543 567/628/543 538/629/543
f 568/622/544 562/621/544 567/628/544
f 562/621/545 535/617/545 567/628/545
f 567/619/546 566/630/546 538/631/546
f 567/619/547 561/618/547 566/630/547
f 561/618/548 534/632/548 566/630/548
f 566/616/549 564/633/549 538/634/549
f 566/616/550 560/615/550 564/633/550
f 560/615/551 533/611/551 564/633/551
f 564/613/552 565/635/552 538/636/552
f 564/613/553 559/612/553 565/635/553
f 559/612/554 537/623/554 565/635/554
f 550/610/555 563/624/555 537/623/555
f 550/610/556 557/605/556 563/624/556
f 557/605/557 536/620/557 563/624/557
f 558/609/558 562/621/558 536/620/558
f 558/609/559 555/602/559 562/621/559
f 555/602/560 535/617/560 562/621/560
f 556/608/561 561/618/561 535/617/561
f 556/608/562 553/599/562 561/618/562
f 553/599/563 534/632/563 561/618/563
f 554/607/564 560/615/564 534/614/564
f 554/607/565 551/596/565 560/615/565
f 551/596/566 533/611/566 560/615/566
f 552/606/567 559/612/567 533/611/567
f 552/606/568 549/593/568 559/612/568
f 549/593/569 537/623/569 559/612/569
f 557/605/570 558/609/570 536/620/570
f 557/605/571 548/604/571 558/609/571
f 548/604/572 531/600/572 558/609/572
f 555/602/573 556/608/573 535/617/573
f 555/602/574 547/601/574 556/608/574
f 547/601/575 530/597/575 556/608/575
f 553/599/576 554/637/576 534/632/576
f 553/599/577 545/598/577 554/637/577
f 545/598/578 529/638/578 554/637/578
f 551/596/579 552/606/579 533/611/579
f 551/596/580 541/595/580 552/606/580
f 541/595/581 528/581/581 552/606/581
f 549/593/582 550/610/582 537/623/582
f 549/593/583 542/583/583 550/610/583
f 542/583/584 532/603/584 550/610/584
f 543/592/585 548/604/585 532/603/585
f 543/592/586 546/591/586 548/604/586
f 546/591/587 531/600/587 548/604/587
f 546/589/588 547/601/588 531/600/588
f 546/589/589 544/588/589 547/601/589
f 544/588/590 530/597/590 547/601/590
f 544/586/591 545/598/591 530/597/591
f 544/586/592 539/585/592 545/598/592
f 539/585/593 529/638/593 545/598/593
f 542/583/594 543/639/594 532/603/594
f 542/583/595 540/582/595 543/639/595
f 540/582/596 527/640/596 543/639/596
f 539/580/597 541/595/597 529/594/597
f 539/580/598 540/579/598 541/595/598
f 540/579/599 528/581/599 541/595/599
o Cylinder
v 0.000000 -1.000000 -1.000000
v 0.000000 1.000000 -1.000000
v 0.195090 -1.000000 -0.980785
v 0.195090 1.000000 -0.980785
v 0.382683 -1.000000 -0.923880
v 0.382683 1.000000 -0.923880
v 0.555570 -1.000000 -0.831470
v 0.555570 1.000000 -0.831470
v 0.707107 -1.000000 -0.707107
v 0.707107 1.000000 -0.707107
v 0.831470 -1.000000 -0.555570
v 0.831470 1.000000 -0.555570
v 0.923880 -1.000000 -0.382683
v 0.923880 1.000000 -0.382683
v 0.980785 -1.000000 -0.195090
v 0.980785 1.000000 -0.195090
v 1.000000 -1.000000 0.000000
v 1.000000 1.000000 0.000000
v 0.980785 -1.000000 0.195090
v 0.980785 1.000000 0.195090
v 0.923880 -1.000000 0.382683
v 0.923880 1.000000 0.382683
v 0.831470 -1.000000 0.555570
v 0.831470 1.000000 0.555570
v 0.707107 -1.000000 0.707107
v 0.707107 1.000000 0.707107
v 0.555570 -1.000000 0.831470
v 0.555570 1.000000 0.831470
v 0.382683 -1.000000 0.923880
v 0.382683 1.000000 0.923880
v 0.195090 -1.000000 0.980785
v 0.195090 1.000000 0.980785
v 0.000000 -1.000000 1.000000
v 0.000000 1.000000 1.000000
v -0.195090 -1.000000 0.980785
v -0.195090 1.000000 0.980785
v -0.382683 -1.000000 0.923880
v -0.382683 1.000000 0.923880
v -0.555570 -1.000000 0.831470
v -0.555570 1.000000 0.831470
v -0.707107 -1.000000 0.707107
v -0.707107 1.000000 0.707107
v -0.831470 -1.000000 0.555570
v -0.831470 1.000000 0.555570
v -0.923880 -1.000000 0.382683
v -0.923880 1.000000 0.382683
v -0.980785 -1.000000 0.195090
v -0.980785 1.000000 0.195090
v -1.000000 -1.000000 0.000000
v -1.000000 1.000000 0.000000
v -0.980785 -1.000000 -0.195090
v -0.980785 1.000000 -0.195090
v -0.923880 -1.000000 -0.382683
v -0.923880 1.000000 -0.382683
v -0.831470 -1.000000 -0.555570
v -0.831470 1.000000 -0.555570
v -0.707107 -1.000000 -0.707107
v -0.707107 1.000000 -0.707107
v -0.555570 -1.000000 -0.831470
v -0.555570 1.000000 -0.831470
v -0.382683 -1.000000 -0.923880
v -0.382683 1.000000 -0.923880
v -0.195090 -1.000000 -0.980785
v -0.195090 1.000000 -0.980785
vn 0.0980 -0.0000 -0.9952
vn 0.2903 -0.0000 -0.9569
vn 0.4714 -0.0000 -0.8819
vn 0.6344 -0.0000 -0.7730
vn 0.7730 -0.0000 -0.6344
vn 0.8819 -0.0000 -0.4714
vn 0.9569 -0.0000 -0.2903
vn 0.9952 -0.0000 -0.0980
vn 0.9952 -0.0000 0.0980
vn 0.9569 -0.0000 0.2903
vn 0.8819 -0.0000 0.4714
vn 0.7730 -0.0000 0.6344
vn 0.6344 -0.0000 0.7730
vn 0.4714 -0.0000 0.8819
vn 0.2903 -0.0000 0.9569
vn 0.0980 -0.0000 0.9952
vn -0.0980 -0.0000 0.9952
vn -0.2903 -0.0000 0.9569
vn -0.4714 -0.0000 0.8819
vn -0.6344 -0.0000 0.7730
vn -0.7730 -0.0000 0.6344
vn -0.8819 -0.0000 0.4714
vn -0.9569 -0.0000 0.2903
vn -0.9952 -0.0000 0.0980
vn -0.9952 -0.0000 -0.0980
vn -0.9569 -0.0000 -0.2903
vn -0.8819 -0.0000 -0.4714
vn -0.7730 -0.0000 -0.6344
vn -0.6344 -0.0000 -0.7730
vn -0.4714 -0.0000 -0.8819
vn -0.0000 1.0000 -0.0000
vn -0.2903 -0.0000 -0.9569
vn -0.0980 -0.0000 -0.9952
vn -0.0000 -1.0000 -0.0000
vt 1.000000 0.500000
vt 1.000000 1.000000
vt 0.968750 1.000000
vt 0.968750 0.500000
vt 0.937500 1.000000
vt 0.937500 0.500000
vt 0.906250 1.000000
vt 0.906250 0.500000
vt 0.875000 1.000000
vt 0.875000 0.500000
vt 0.843750 1.000000
vt 0.843750 0.500000
vt 0.812500 1.000000
vt 0.812500 0.500000
vt 0.781250 1.000000
vt 0.781250 0.500000
vt 0.750000 1.000000
vt 0.750000 0.500000
vt 0.718750 1.000000
vt 0.718750 0.500000
vt 0.687500 1.000000
vt 0.687500 0.500000
vt 0.656250 1.000000
vt 0.656250 0.500000
vt 0.625000 1.000000
vt 0.625000 0.500000
vt 0.593750 1.000000
vt 0.593750 0.500000
vt 0.562500 1.000000
vt 0.562500 0.500000
vt 0.531250 1.000000
vt 0.531250 0.500000
vt 0.500000 1.000000
vt 0.500000 0.500000
vt 0.468750 1.000000
vt 0.468750 0.500000
vt 0.437500 1.000000
vt 0.437500 0.500000
vt 0.406250 1.000000
vt 0.406250 0.500000
vt 0.375000 1.000000
vt 0.375000 0.500000
vt 0.343750 1.000000
vt 0.343750 0.500000
vt 0.312500 1.000000
vt 0.312500 0.500000
vt 0.281250 1.000000
vt 0.281250 0.500000
vt 0.250000 1.000000
vt 0.250000 0.500000
vt 0.218750 1.000000
vt 0.218750 0.500000
vt 0.187500 1.000000
vt 0.187500 0.500000
vt 0.156250 1.000000
vt 0.156250 0.500000
vt 0.125000 1.000000
vt 0.125000 0.500000
vt 0.093750 1.000000
vt 0.093750 0.500000
vt 0.062500 1.000000
vt 0.062500 0.500000
vt 0.296822 0.485388
vt 0.250000 0.490000
vt 0.203178 0.485388
vt 0.158156 0.471731
vt 0.116663 0.449553
vt 0.080294 0.419706
vt 0.050447 0.383337
vt 0.028269 0.341844
vt 0.014612 0.296822
vt 0.010000 0.250000
vt 0.014612 0.203178
vt 0.028269 0.158156
vt 0.050447 0.116663
vt 0.080294 0.080294
vt 0.116663 0.050447
vt 0.158156 0.028269
vt 0.203178 0.014612
vt 0.250000 0.010000
vt 0.296822 0.014612
vt 0.341844 0.028269
vt 0.383337 0.050447
vt 0.419706 0.080294
vt 0.449553 0.116663
vt 0.471731 0.158156
vt 0.485388 0.203178
vt 0.490000 0.250000
vt 0.485388 0.296822
vt 0.471731 0.341844
vt 0.449553 0.383337
vt 0.419706 0.419706
vt 0.383337 0.449553
vt 0.341844 0.471731
vt 0.031250 1.000000
vt 0.031250 0.500000
vt 0.000000 1.000000
vt 0.000000 0.500000
vt 0.750000 0.490000
vt 0.796822 0.485388
vt 0.841844 0.471731
vt 0.883337 0.449553
vt 0.919706 0.419706
vt 0.949553 0.383337
vt 0.971731 0.341844
vt 0.985388 0.296822
vt 0.990000 0.250000
vt 0.985388 0.203178
vt 0.971731 0.158156
vt 0.949553 0.116663
vt 0.919706 0.080294
vt 0.883337 0.050447
vt 0.841844 0.028269
vt 0.796822 0.014612
vt 0.750000 0.010000
vt 0.703178 0.014612
vt 0.658156 0.028269
vt 0.616663 0.050447
vt 0.580294 0.080294
vt 0.550447 0.116663
vt 0.528269 0.158156
vt 0.514612 0.203178
vt 0.510000 0.250000
vt 0.514612 0.296822
vt 0.528269 0.341844
vt 0.550447 0.383337
vt 0.580294 0.419706
vt 0.616663 0.449553
vt 0.658156 0.471731
vt 0.703178 0.485388
s 0
f 569/641/600 570/642/600 572/643/600 571/644/600
f 571/644/601 572/643/601 574/645/601 573/646/601
f 573/646/602 574/645/602 576/647/602 575/648/602
f 575/648/603 576/647/603 578/649/603 577/650/603
f 577/650/604 578/649/604 580/651/604 579/652/604
f 579/652/605 580/651/605 582/653/605 581/654/605
f 581/654/606 582/653/606 584/655/606 583/656/606
f 583/656/607 584/655/607 586/657/607 585/658/607
f 585/658/608 586/657/608 588/659/608 587/660/608
f 587/660/609 588/659/609 590/661/609 589/662/609
f 589/662/610 590/661/610 592/663/610 591/664/610
f 591/664/611 592/663/611 594/665/611 593/666/611
f 593/666/612 594/665/612 596/667/612 595/668/612
f 595/668/613 596/667/613 598/669/613 597/670/613
f 597/670/614 598/669/614 600/671/614 599/672/614
f 599/672/615 600/671/615 602/673/615 601/674/615
f 601/674/616 602/673/616 604/675/616 603/676/616
f 603/676/617 604/675/617 606/677/617 605/678/617
f 605/678/618 606/677/618 608/679/618 607/680/618
f 607/680/619 608/679/619 610/681/619 609/682/619
f 609/682/620 610/681/620 612/683/620 611/684/620
f 611/684/621 612/683/621 614/685/621 613/686/621
f 613/686/622 614/685/622 616/687/622 615/688/622
f 615/688/623 616/687/623 618/689/623 617/690/623
f 617/690/624 618/689/624 620/691/624 619/692/624
f 619/692/625 620/691/625 622/693/625 621/694/625
f 621/694/626 622/693/626 624/695/626 623/696/626
f 623/696/627 624/695/627 626/697/627 625/698/627
f 625/698/628 626/697/628 628/699/628 627/700/628
f 627/700/629 628/699/629 630/701/629 629/702/629
f 572/703/630 570/704/630 632/705/630 630/706/630 628/707/630 626/708/630 624/709/630 622/710/630 620/711/630 618/712/630 616/713/630 614/714/630 612/715/630 610/716/630 608/717/630 606/718/630 604/719/630 602/720/630 600/721/630 598/722/630 596/723/630 594/724/630 592/725/630 590/726/630 588/727/630 586/728/630 584/729/630 582/730/630 580/731/630 578/732/630 576/733/630 574/734/630
f 629/702/631 630/701/631 632/735/631 631/736/631
f 631/736/632 632/735/632 570/737/632 569/738/632
f 569/739/633 571/740/633 573/741/633 575/742/633 577/743/633 579/744/633 581/745/633 583/746/633 585/747/633 587/748/633 589/749/633 591/750/633 593/751/633 595/752/633 597/753/633 599/754/633 601/755/633 603/756/633 605/757/633 607/758/633 609/759/633 611/760/633 613/761/633 615/762/633 617/763/633 619/764/633 621/765/633 623/766/633 625/767/633 627/768/633 629/769/633 631/770/633
o Torus
v 1.250000 0.000000 0.000000
v 1.216506 0.125000 0.000000
v 1.125000 0.216506 0.000000
v 1.000000 0.250000 0.000000
v 0.875000 0.216506 0.000000
v 0.783494 0.125000 0.000000
v 0.750000 0.000000 0.000000
v 0.783494 -0.125000 0.000000
v 0.875000 -0.216506 0.000000
v 1.000000 -0.250000 0.000000
v 1.125000 -0.216506 0.000000
v 1.216506 -0.125000 0.000000
v 1.239306 0.000000 -0.163158
v 1.206099 0.125000 -0.158786
v 1.115376 0.216506 -0.146842
v 0.991445 0.250000 -0.130526
v 0.867514 0.216506 -0.114210
v 0.776791 0.125000 -0.102266
v 0.743584 0.000000 -0.097895
v 0.776791 -0.125000 -0.102266
v 0.867514 -0.216506 -0.114210
v 0.991445 -0.250000 -0.130526
v 1.115376 -0.216506 -0.146842
v 1.206099 -0.125000 -0.158786
v 1.207407 0.000000 -0.323524
v 1.175055 0.125000 -0.314855
v 1.086667 0.216506 -0.291171
v 0.965926 0.250000 -0.258819
v 0.845185 0.216506 -0.226467
v 0.756797 0.125000 -0.202783
v 0.724444 0.000000 -0.194114
v 0.756797 -0.125000 -0.202783
v 0.845185 -0.216506 -0.226467
v 0.965926 -0.250000 -0.258819
v 1.086667 -0.216506 -0.291171
v 1.175055 -0.125000 -0.314855
v 1.154849 0.000000 -0.478354
v 1.123905 0.125000 -0.465537
v 1.039364 0.216506 -0.430519
v 0.923880 0.250000 -0.382683
v 0.808395 0.216506 -0.334848
v 0.723854 0.125000 -0.299830
v 0.692910 0.000000 -0.287013
v 0.723854 -0.125000 -0.299830
v 0.808395 -0.216506 -0.334848
v 0.923880 -0.250000 -0.382683
v 1.039364 -0.216506 -0.430519
v 1.123905 -0.125000 -0.465537
v 1.082532 0.000000 -0.625000
v 1.053525 0.125000 -0.608253
v 0.974279 0.216506 -0.562500
v 0.866025 0.250000 -0.500000
v 0.757772 0.216506 -0.437500
v 0.678525 0.125000 -0.391747
v 0.649519 0.000000 -0.375000
v 0.678525 -0.125000 -0.391747
v 0.757772 -0.216506 -0.437500
v 0.866025 -0.250000 -0.500000
v 0.974279 -0.216506 -0.562500
v 1.053525 -0.125000 -0.608253
v 0.991692 0.000000 -0.760952
v 0.965119 0.125000 -0.740562
v 0.892523 0.216506 -0.684856
v 0.793353 0.250000 -0.608761
v 0.694184 0.216506 -0.532666
v 0.621587 0.125000 -0.476961
v 0.595015 0.000000 -0.456571
v 0.621587 -0.125000 -0.476961
v 0.694184 -0.216506 -0.532666
v 0.793353 -0.250000 -0.608761
v 0.892523 -0.216506 -0.684856
v 0.965119 -0.125000 -0.740562
v 0.883883 0.000000 -0.883884
v 0.860200 0.125000 -0.860200
v 0.795495 0.216506 -0.795495
v 0.707107 0.250000 -0.707107
v 0.618718 0.216506 -0.618719
v 0.554014 0.125000 -0.554014
v 0.530330 0.000000 -0.530330
v 0.554014 -0.125000 -0.554014
v 0.618718 -0.216506 -0.618719
v 0.707107 -0.250000 -0.707107
v 0.795495 -0.216506 -0.795495
v 0.860200 -0.125000 -0.860200
v 0.760952 0.000000 -0.991691
v 0.740562 0.125000 -0.965119
v 0.684857 0.216506 -0.892522
v 0.608762 0.250000 -0.793353
v 0.532666 0.216506 -0.694184
v 0.476961 0.125000 -0.621587
v 0.456571 0.000000 -0.595015
v 0.476961 -0.125000 -0.621587
v 0.532666 -0.216506 -0.694184
v 0.608762 -0.250000 -0.793353
v 0.684857 -0.216506 -0.892522
v 0.740562 -0.125000 -0.965119
v 0.625000 0.000000 -1.082532
v 0.608253 0.125000 -1.053525
v 0.562500 0.216506 -0.974279
v 0.500000 0.250000 -0.866025
v 0.437500 0.216506 -0.757772
v 0.391747 0.125000 -0.678525
v 0.375000 0.000000 -0.649519
v 0.391747 -0.125000 -0.678525
v 0.437500 -0.216506 -0.757772
v 0.500000 -0.250000 -0.866025
v 0.562500 -0.216506 -0.974279
v 0.608253 -0.125000 -1.053525
v 0.478355 0.000000 -1.154849
v 0.465537 0.125000 -1.123905
v 0.430519 0.216506 -1.039364
v 0.382684 0.250000 -0.923879
v 0.334848 0.216506 -0.808394
v 0.299830 0.125000 -0.723854
v 0.287013 0.000000 -0.692910
v 0.299830 -0.125000 -0.723854
v 0.334848 -0.216506 -0.808394
v 0.382684 -0.250000 -0.923879
v 0.430519 -0.216506 -1.039364
v 0.465537 -0.125000 -1.123905
v 0.323524 0.000000 -1.207407
v 0.314855 0.125000 -1.175055
v 0.291171 0.216506 -1.086667
v 0.258819 0.250000 -0.965926
v 0.226467 0.216506 -0.845185
v 0.202783 0.125000 -0.756797
v 0.194114 0.000000 -0.724444
v 0.202783 -0.125000 -0.756797
v 0.226467 -0.216506 -0.845185
v 0.258819 -0.250000 -0.965926
v 0.291171 -0.216506 -1.086667
v 0.314855 -0.125000 -1.175055
v 0.163158 0.000000 -1.239306
v 0.158786 0.125000 -1.206099
v 0.146842 0.216506 -1.115376
v 0.130526 0.250000 -0.991445
v 0.114210 0.216506 -0.867514
v 0.102266 0.125000 -0.776791
v 0.097895 0.000000 -0.743584
v 0.102266 -0.125000 -0.776791
v 0.114210 -0.216506 -0.867514
v 0.130526 -0.250000 -0.991445
v 0.146842 -0.216506 -1.115376
v 0.158786 -0.125000 -1.206099
v 0.000000 0.000000 -1.250000
v 0.000000 0.125000 -1.216506
v 0.000000 0.216506 -1.125000
v 0.000000 0.250000 -1.000000
v 0.000000 0.216506 -0.875000
v 0.000000 0.125000 -0.783494
v 0.000000 0.000000 -0.750000
v 0.000000 -0.125000 -0.783494
v 0.000000 -0.216506 -0.875000
v 0.000000 -0.250000 -1.000000
v 0.000000 -0.216506 -1.125000
v 0.000000 -0.125000 -1.216506
v -0.163158 0.000000 -1.239306
v -0.158786 0.125000 -1.206099
v -0.146842 0.216506 -1.115375
v -0.130526 0.250000 -0.991445
v -0.114211 0.216506 -0.867514
v -0.102267 0.125000 -0.776791
v -0.097895 0.000000 -0.743584
v -0.102267 -0.125000 -0.776791
v -0.114211 -0.216506 -0.867514
v -0.130526 -0.250000 -0.991445
v -0.146842 -0.216506 -1.115375
v -0.158786 -0.125000 -1.206099
v -0.323524 0.000000 -1.207407
v -0.314855 0.125000 -1.175055
v -0.291171 0.216506 -1.086667
v -0.258819 0.250000 -0.965926
v -0.226467 0.216506 -0.845185
v -0.202783 0.125000 -0.756797
v -0.194114 0.000000 -0.724444
v -0.202783 -0.125000 -0.756797
v -0.226467 -0.216506 -0.845185
v -0.258819 -0.250000 -0.965926
v -0.291171 -0.216506 -1.086667
v -0.314855 -0.125000 -1.175055
v -0.478354 0.000000 -1.154849
v -0.465537 0.125000 -1.123905
v -0.430519 0.216506 -1.039364
v -0.382684 0.250000 -0.923880
v -0.334848 0.216506 -0.808395
v -0.299830 0.125000 -0.723854
v -0.287013 0.000000 -0.692910
v -0.299830 -0.125000 -0.723854
v -0.334848 -0.216506 -0.808395
v -0.382684 -0.250000 -0.923880
v -0.430519 -0.216506 -1.039364
v -0.465537 -0.125000 -1.123905
v -0.625000 0.000000 -1.082532
v -0.608253 0.125000 -1.053526
v -0.562500 0.216506 -0.974279
v -0.500000 0.250000 -0.866026
v -0.437500 0.216506 -0.757772
v -0.391747 0.125000 -0.678525
v -0.375000 0.000000 -0.649519
v -0.391747 -0.125000 -0.678525
v -0.437500 -0.216506 -0.757772
v -0.500000 -0.250000 -0.866026
v -0.562500 -0.216506 -0.974279
v -0.608253 -0.125000 -1.053526
v -0.760952 0.000000 -0.991692
v -0.740562 0.125000 -0.965119
v -0.684857 0.216506 -0.892522
v -0.608761 0.250000 -0.793353
v -0.532666 0.216506 -0.694184
v -0.476961 0.125000 -0.621587
v -0.456571 0.000000 -0.595015
v -0.476961 -0.125000 -0.621587
v -0.532666 -0.216506 -0.694184
v -0.608761 -0.250000 -0.793353
v -0.684857 -0.216506 -0.892522
v -0.740562 -0.125000 -0.965119
v -0.883884 0.000000 -0.883883
v -0.860200 0.125000 -0.860200
v -0.795495 0.216506 -0.795495
v -0.707107 0.250000 -0.707107
v -0.618719 0.216506 -0.618718
v -0.554014 0.125000 -0.554013
v -0.530330 0.000000 -0.530330
v -0.554014 -0.125000 -0.554013
v -0.618719 -0.216506 -0.618718
v -0.707107 -0.250000 -0.707107
v -0.795495 -0.216506 -0.795495
v -0.860200 -0.125000 -0.860200
v -0.991692 0.000000 -0.760952
v -0.965119 0.125000 -0.740562
v -0.892522 0.216506 -0.684857
v -0.793353 0.250000 -0.608761
v -0.694184 0.216506 -0.532666
v -0.621587 0.125000 -0.476961
v -0.595015 0.000000 -0.456571
v -0.621587 -0.125000 -0.476961
v -0.694184 -0.216506 -0.532666
v -0.793353 -0.250000 -0.608761
v -0.892522 -0.216506 -0.684857
v -0.965119 -0.125000 -0.740562
v -1.082532 0.000000 -0.625000
v -1.053525 0.125000 -0.608253
v -0.974278 0.216506 -0.562500
v -0.866025 0.250000 -0.500000
v -0.757772 0.216506 -0.437500
v -0.678525 0.125000 -0.391747
v -0.649519 0.000000 -0.375000
v -0.678525 -0.125000 -0.391747
v -0.757772 -0.216506 -0.437500
v -0.866025 -0.250000 -0.500000
v -0.974278 -0.216506 -0.562500
v -1.053525 -0.125000 -0.608253
v -1.154849 0.000000 -0.478354
v -1.123905 0.125000 -0.465537
v -1.039364 0.216506 -0.430519
v -0.923880 0.250000 -0.382683
v -0.808395 0.216506 -0.334848
v -0.723854 0.125000 -0.299830
v -0.692910 0.000000 -0.287013
v -0.723854 -0.125000 -0.299830
v -0.808395 -0.216506 -0.334848
v -0.923880 -0.250000 -0.382683
v -1.039364 -0.216506 -0.430519
v -1.123905 -0.125000 -0.465537
v -1.207407 0.000000 -0.323524
v -1.175055 0.125000 -0.314855
v -1.086667 0.216506 -0.291171
v -0.965926 0.250000 -0.258819
v -0.845185 0.216506 -0.226467
v -0.756797 0.125000 -0.202783
v -0.724444 0.000000 -0.194114
v -0.756797 -0.125000 -0.202783
v -0.845185 -0.216506 -0.226467
v -0.965926 -0.250000 -0.258819
v -1.086667 -0.216506 -0.291171
v -1.175055 -0.125000 -0.314855
v -1.239306 0.000000 -0.163158
v -1.206099 0.125000 -0.158786
v -1.115375 0.216506 -0.146842
v -0.991445 0.250000 -0.130526
v -0.867514 0.216506 -0.114211
v -0.776791 0.125000 -0.102267
v -0.743584 0.000000 -0.097895
v -0.776791 -0.125000 -0.102267
v -0.867514 -0.216506 -0.114211
v -0.991445 -0.250000 -0.130526
v -1.115375 -0.216506 -0.146842
v -1.206099 -0.125000 -0.158786
v -1.250000 0.000000 -0.000000
v -1.216506 0.125000 -0.000000
v -1.125000 0.216506 -0.000000
v -1.000000 0.250000 -0.000000
v -0.875000 0.216506 -0.000000
v -0.783494 0.125000 -0.000000
v -0.750000 0.000000 -0.000000
v -0.783494 -0.125000 -0.000000
v -0.875000 -0.216506 -0.000000
v -1.000000 -0.250000 -0.000000
v -1.125000 -0.216506 -0.000000
v -1.216506 -0.125000 -0.000000
v -1.239306 0.000000 0.163158
v -1.206099 0.125000 0.158786
v -1.115375 0.216506 0.146842
v -0.991445 0.250000 0.130526
v -0.867514 0.216506 0.114211
v -0.776791 0.125000 0.102267
v -0.743584 0.000000 0.097895
v -0.776791 -0.125000 0.102267
v -0.867514 -0.216506 0.114211
v -0.991445 -0.250000 0.130526
v -1.115375 -0.216506 0.146842
v -1.206099 -0.125000 0.158786
v -1.207407 0.000000 0.323524
v -1.175055 0.125000 0.314855
v -1.086667 0.216506 0.291171
v -0.965926 0.250000 0.258819
v -0.845185 0.216506 0.226467
v -0.756797 0.125000 0.202783
v -0.724444 0.000000 0.194114
v -0.756797 -0.125000 0.202783
v -0.845185 -0.216506 0.226467
v -0.965926 -0.250000 0.258819
v -1.086667 -0.216506 0.291171
v -1.175055 -0.125000 0.314855
v -1.154850 0.000000 0.478354
v -1.123906 0.125000 0.465536
v -1.039365 0.216506 0.430518
v -0.923880 0.250000 0.382683
v -0.808395 0.216506 0.334848
v -0.723854 0.125000 0.299830
v -0.692910 0.000000 0.287012
v -0.723854 -0.125000 0.299830
v -0.808395 -0.216506 0.334848
v -0.923880 -0.250000 0.382683
v -1.039365 -0.216506 0.430518
v -1.123906 -0.125000 0.465536
v -1.082532 0.000000 0.625000
v -1.053526 0.125000 0.608253
v -0.974279 0.216506 0.562500
v -0.866026 0.250000 0.500000
v -0.757772 0.216506 0.437500
v -0.678525 0.125000 0.391747
v -0.649519 0.000000 0.375000
v -0.678525 -0.125000 0.391747
v -0.757772 -0.216506 0.437500
v -0.866026 -0.250000 0.500000
v -0.974279 -0.216506 0.562500
v -1.053526 -0.125000 0.608253
v -0.991692 0.000000 0.760952
v -0.965119 0.125000 0.740562
v -0.892522 0.216506 0.684857
v -0.793353 0.250000 0.608761
v -0.694184 0.216506 0.532666
v -0.621587 0.125000 0.476961
v -0.595015 0.000000 0.456571
v -0.621587 -0.125000 0.476961
v -0.694184 -0.216506 0.532666
v -0.793353 -0.250000 0.608761
v -0.892522 -0.216506 0.684857
v -0.965119 -0.125000 0.740562
v -0.883884 0.000000 0.883883
v -0.860200 0.125000 0.860200
v -0.795495 0.216506 0.795495
v -0.707107 0.250000 0.707107
v -0.618719 0.216506 0.618718
v -0.554014 0.125000 0.554013
v -0.530330 0.000000 0.530330
v -0.554014 -0.125000 0.554013
v -0.618719 -0.216506 0.618718
v -0.707107 -0.250000 0.707107
v -0.795495 -0.216506 0.795495
v -0.860200 -0.125000 0.860200
v -0.760952 0.000000 0.991691
v -0.740563 0.125000 0.965119
v -0.684857 0.216506 0.892522
v -0.608762 0.250000 0.793353
v -0.532667 0.216506 0.694184
v -0.476961 0.125000 0.621587
v -0.456571 0.000000 0.595015
v -0.476961 -0.125000 0.621587
v -0.532667 -0.216506 0.694184
v -0.608762 -0.250000 0.793353
v -0.684857 -0.216506 0.892522
v -0.740563 -0.125000 0.965119
v -0.625000 0.000000 1.082532
v -0.608253 0.125000 1.053526
v -0.562500 0.216506 0.974279
v -0.500000 0.250000 0.866026
v -0.437500 0.216506 0.757772
v -0.391747 0.125000 0.678525
v -0.375000 0.000000 0.649519
v -0.391747 -0.125000 0.678525
v -0.437500 -0.216506 0.757772
v -0.500000 -0.250000 0.866026
v -0.562500 -0.216506 0.974279
v -0.608253 -0.125000 1.053526
v -0.478354 0.000000 1.154849
v -0.465537 0.125000 1.123905
v -0.430519 0.216506 1.039364
v -0.382684 0.250000 0.923880
v -0.334848 0.216506 0.808395
v -0.299830 0.125000 0.723854
v -0.287013 0.000000 0.692910
v -0.299830 -0.125000 0.723854
v -0.334848 -0.216506 0.808395
v -0.382684 -0.250000 0.923880
v -0.430519 -0.216506 1.039364
v -0.465537 -0.125000 1.123905
v -0.323524 0.000000 1.207407
v -0.314855 0.125000 1.175055
v -0.291172 0.216506 1.086666
v -0.258819 0.250000 0.965926
v -0.226467 0.216506 0.845185
v -0.202783 0.125000 0.756797
v -0.194115 0.000000 0.724444
v -0.202783 -0.125000 0.756797
v -0.226467 -0.216506 0.845185
v -0.258819 -0.250000 0.965926
v -0.291172 -0.216506 1.086666
v -0.314855 -0.125000 1.175055
v -0.163158 0.000000 1.239306
v -0.158787 0.125000 1.206099
v -0.146843 0.216506 1.115375
v -0.130527 0.250000 0.991445
v -0.114211 0.216506 0.867514
v -0.102267 0.125000 0.776791
v -0.097895 0.000000 0.743584
v -0.102267 -0.125000 0.776791
v -0.114211 -0.216506 0.867514
v -0.130527 -0.250000 0.991445
v -0.146843 -0.216506 1.115375
v -0.158787 -0.125000 1.206099
v 0.000000 0.000000 1.250000
v 0.000000 0.125000 1.216506
v 0.000000 0.216506 1.125000
v 0.000000 0.250000 1.000000
v 0.000000 0.216506 0.875000
v 0.000000 0.125000 0.783494
v 0.000000 0.000000 0.750000
v 0.000000 -0.125000 0.783494
v 0.000000 -0.216506 0.875000
v 0.000000 -0.250000 1.000000
v 0.000000 -0.216506 1.125000
v 0.000000 -0.125000 1.216506
v 0.163158 0.000000 1.239306
v 0.158786 0.125000 1.206099
v 0.146842 0.216506 1.115376
v 0.130526 0.250000 0.991445
v 0.114210 0.216506 0.867514
v 0.102266 0.125000 0.776791
v 0.097895 0.000000 0.743584
v 0.102266 -0.125000 0.776791
v 0.114210 -0.216506 0.867514
v 0.130526 -0.250000 0.991445
v 0.146842 -0.216506 1.115376
v 0.158786 -0.125000 1.206099
v 0.323523 0.000000 1.207407
v 0.314854 0.125000 1.175055
v 0.291171 0.216506 1.086667
v 0.258819 0.250000 0.965926
v 0.226466 0.216506 0.845185
v 0.202783 0.125000 0.756797
v 0.194114 0.000000 0.724444
v 0.202783 -0.125000 0.756797
v 0.226466 -0.216506 0.845185
v 0.258819 -0.250000 0.965926
v 0.291171 -0.216506 1.086667
v 0.314854 -0.125000 1.175055
v 0.478355 0.000000 1.154849
v 0.465537 0.125000 1.123905
v 0.430519 0.216506 1.039364
v 0.382684 0.250000 0.923879
v 0.334848 0.216506 0.808394
v 0.299830 0.125000 0.723854
v 0.287013 0.000000 0.692910
v 0.299830 -0.125000 0.723854
v 0.334848 -0.216506 0.808394
v 0.382684 -0.250000 0.923879
v 0.430519 -0.216506 1.039364
v 0.465537 -0.125000 1.123905
v 0.625000 0.000000 1.082532
v 0.608253 0.125000 1.053525
v 0.562500 0.216506 0.974279
v 0.500000 0.250000 0.866025
v 0.437500 0.216506 0.757772
v 0.391747 0.125000 0.678525
v 0.375000 0.000000 0.649519
v 0.391747 -0.125000 0.678525
v 0.437500 -0.216506 0.757772
v 0.500000 -0.250000 0.866025
v 0.562500 -0.216506 0.974279
v 0.608253 -0.125000 1.053525
v 0.760952 0.000000 0.991692
v 0.740562 0.125000 0.965120
v 0.684856 0.216506 0.892523
v 0.608761 0.250000 0.793353
v 0.532666 0.216506 0.694184
v 0.476961 0.125000 0.621587
v 0.456571 0.000000 0.595015
v 0.476961 -0.125000 0.621587
v 0.532666 -0.216506 0.694184
v 0.608761 -0.250000 0.793353
v 0.684856 -0.216506 0.892523
v 0.740562 -0.125000 0.965120
v 0.883883 0.000000 0.883884
v 0.860199 0.125000 0.860200
v 0.795495 0.216506 0.795496
v 0.707106 0.250000 0.707107
v 0.618718 0.216506 0.618719
v 0.554013 0.125000 0.554014
v 0.530330 0.000000 0.530330
v 0.554013 -0.125000 0.554014
v 0.618718 -0.216506 0.618719
v 0.707106 -0.250000 0.707107
v 0.795495 -0.216506 0.795496
v 0.860199 -0.125000 0.860200
v 0.991692 0.000000 0.760952
v 0.965119 0.125000 0.740562
v 0.892523 0.216506 0.684856
v 0.793353 0.250000 0.608761
v 0.694184 0.216506 0.532666
v 0.621587 0.125000 0.476961
v 0.595015 0.000000 0.456571
v 0.621587 -0.125000 0.476961
v 0.694184 -0.216506 0.532666
v 0.793353 -0.250000 0.608761
v 0.892523 -0.216506 0.684856
v 0.965119 -0.125000 0.740562
v 1.082532 0.000000 0.625000
v 1.053525 0.125000 0.608253
v 0.974279 0.216506 0.562500
v 0.866025 0.250000 0.500000
v 0.757772 0.216506 0.437500
v 0.678525 0.125000 0.391747
v 0.649519 0.000000 0.375000
v 0.678525 -0.125000 0.391747
v 0.757772 -0.216506 0.437500
v 0.866025 -0.250000 0.500000
v 0.974279 -0.216506 0.562500
v 1.053525 -0.125000 0.608253
v 1.154849 0.000000 0.478355
v 1.123905 0.125000 0.465537
v 1.039364 0.216506 0.430519
v 0.923879 0.250000 0.382684
v 0.808394 0.216506 0.334848
v 0.723854 0.125000 0.299830
v 0.692910 0.000000 0.287013
v 0.723854 -0.125000 0.299830
v 0.808394 -0.216506 0.334848
v 0.923879 -0.250000 0.382684
v 1.039364 -0.216506 0.430519
v 1.123905 -0.125000 0.465537
v 1.207407 0.000000 0.323523
v 1.175055 0.125000 0.314855
v 1.086667 0.216506 0.291171
v 0.965926 0.250000 0.258819
v 0.845185 0.216506 0.226466
v 0.756797 0.125000 0.202783
v 0.724444 0.000000 0.194114
v 0.756797 -0.125000 0.202783
v 0.845185 -0.216506 0.226466
v 0.965926 -0.250000 0.258819
v 1.086667 -0.216506 0.291171
v 1.175055 -0.125000 0.314855
v 1.239306 0.000000 0.163158
v 1.206099 0.125000 0.158786
v 1.115376 0.216506 0.146842
v 0.991445 0.250000 0.130526
v 0.867514 0.216506 0.114210
v 0.776791 0.125000 0.102266
v 0.743584 0.000000 0.097895
v 0.776791 -0.125000 0.102266
v 0.867514 -0.216506 0.114210
v 0.991445 -0.250000 0.130526
v 1.115376 -0.216506 0.146842
v 1.206099 -0.125000 0.158786
vn 0.9640 0.2583 -0.0632
vn 0.7063 0.7063 -0.0463
vn 0.2588 0.9658 -0.0170
vn -0.2588 0.9658 0.0170
vn -0.7063 0.7063 0.0463
vn -0.9640 0.2583 0.0632
vn -0.9640 -0.2583 0.0632
vn -0.7063 -0.7063 0.0463
vn -0.2588 -0.9658 0.0170
vn 0.2588 -0.9658 -0.0170
vn 0.7063 -0.7063 -0.0463
vn 0.9640 -0.2583 -0.0632
vn 0.9475 0.2583 -0.1885
vn 0.6943 0.7063 -0.1381
vn 0.2544 0.9658 -0.0506
vn -0.2544 0.9658 0.0506
vn -0.6943 0.7063 0.1381
vn -0.9475 0.2583 0.1885
vn -0.9475 -0.2583 0.1885
vn -0.6943 -0.7063 0.1381
vn -0.2544 -0.9658 0.0506
vn 0.2544 -0.9658 -0.0506
vn 0.6943 -0.7063 -0.1381
vn 0.9475 -0.2583 -0.1885
vn 0.9148 0.2583 -0.3105
vn 0.6703 0.7063 -0.2275
vn 0.2456 0.9658 -0.0834
vn -0.2456 0.9658 0.0834
vn -0.6703 0.7063 0.2275
vn -0.9148 0.2583 0.3105
vn -0.9148 -0.2583 0.3105
vn -0.6703 -0.7063 0.2275
vn -0.2456 -0.9658 0.0834
vn 0.2456 -0.9658 -0.0834
vn 0.6703 -0.7063 -0.2275
vn 0.9148 -0.2583 -0.3105
vn 0.8664 0.2583 -0.4273
vn 0.6349 0.7063 -0.3131
vn 0.2326 0.9658 -0.1147
vn -0.2326 0.9658 0.1147
vn -0.6349 0.7063 0.3131
vn -0.8664 0.2583 0.4273
vn -0.8664 -0.2583 0.4273
vn -0.6349 -0.7063 0.3131
vn -0.2326 -0.9658 0.1147
vn 0.2326 -0.9658 -0.1147
vn 0.6349 -0.7063 -0.3131
vn 0.8664 -0.2583 -0.4273
vn 0.8033 0.2583 -0.5367
vn 0.5886 0.7063 -0.3933
vn 0.2156 0.9658 -0.1441
vn -0.2156 0.9658 0.1441
vn -0.5886 0.7063 0.3933
vn -0.8033 0.2583 0.5367
vn -0.8033 -0.2583 0.5367
vn -0.5886 -0.7063 0.3933
vn -0.2156 -0.9658 0.1441
vn 0.2156 -0.9658 -0.1441
vn 0.5886 -0.7063 -0.3933
vn 0.8033 -0.2583 -0.5367
vn 0.7263 0.2583 -0.6370
vn 0.5322 0.7063 -0.4667
vn 0.1950 0.9658 -0.1710
vn -0.1950 0.9658 0.1710
vn -0.5322 0.7063 0.4667
vn -0.7263 0.2583 0.6370
vn -0.7263 -0.2583 0.6370
vn -0.5322 -0.7063 0.4667
vn -0.1950 -0.9658 0.1710
vn 0.1950 -0.9658 -0.1710
vn 0.5322 -0.7063 -0.4667
vn 0.7263 -0.2583 -0.6370
vn 0.6370 0.2583 -0.7263
vn 0.4667 0.7063 -0.5322
vn 0.1710 0.9658 -0.1950
vn -0.1710 0.9658 0.1950
vn -0.4667 0.7063 0.5322
vn -0.6370 0.2583 0.7263
vn -0.6370 -0.2583 0.7263
vn -0.4667 -0.7063 0.5322
vn -0.1710 -0.9658 0.1950
vn 0.1710 -0.9658 -0.1950
vn 0.4667 -0.7063 -0.5322
vn 0.6370 -0.2583 -0.7263
vn 0.5367 0.2583 -0.8033
vn 0.3933 0.7063 -0.5886
vn 0.1441 0.9658 -0.2156
vn -0.1441 0.9658 0.2156
vn -0.3933 0.7063 0.5886
vn -0.5367 0.2583 0.8033
vn -0.5367 -0.2583 0.8033
vn -0.3933 -0.7063 0.5886
vn -0.1441 -0.9658 0.2156
vn 0.1441 -0.9658 -0.2156
vn 0.3933 -0.7063 -0.5886
vn 0.5367 -0.2583 -0.8033
vn 0.4273 0.2583 -0.8664
vn 0.3131 0.7063 -0.6349
vn 0.1147 0.9658 -0.2326
vn -0.1147 0.9658 0.2326
vn -0.3131 0.7063 0.6349
vn -0.4273 0.2583 0.8664
vn -0.4273 -0.2583 0.8664
vn -0.3131 -0.7063 0.6349
vn -0.1147 -0.9658 0.2326
vn 0.1147 -0.9658 -0.2326
vn 0.3131 -0.7063 -0.6349
vn 0.4273 -0.2583 -0.8664
vn 0.3105 0.2583 -0.9148
vn 0.2275 0.7063 -0.6703
vn 0.0834 0.9658 -0.2456
vn -0.0834 0.9658 0.2456
vn -0.2275 0.7063 0.6703
vn -0.3105 0.2583 0.9148
vn -0.3105 -0.2583 0.9148
vn -0.2275 -0.7063 0.6703
vn -0.0834 -0.9658 0.2456
vn 0.0834 -0.9658 -0.2456
vn 0.2275 -0.7063 -0.6703
vn 0.3105 -0.2583 -0.9148
vn 0.1885 0.2583 -0.9475
vn 0.1381 0.7063 -0.6943
vn 0.0506 0.9658 -0.2544
vn -0.0506 0.9658 0.2544
vn -0.1381 0.7063 0.6943
vn -0.1885 0.2583 0.9475
vn -0.1885 -0.2583 0.9475
vn -0.1381 -0.7063 0.6943
vn -0.0506 -0.9658 0.2544
vn 0.0506 -0.9658 -0.2544
vn 0.1381 -0.7063 -0.6943
vn 0.1885 -0.2583 -0.9475
vn 0.0632 0.2583 -0.9640
vn 0.0463 0.7063 -0.7063
vn 0.0170 0.9658 -0.2588
vn -0.0170 0.9658 0.2588
vn -0.0463 0.7063 0.7063
vn -0.0632 0.2583 0.9640
vn -0.0632 -0.2583 0.9640
vn -0.0463 -0.7063 0.7063
vn -0.0170 -0.9658 0.2588
vn 0.0170 -0.9658 -0.2588
vn 0.0463 -0.7063 -0.7063
vn 0.0632 -0.2583 -0.9640
vn -0.0632 0.2583 -0.9640
vn -0.0463 0.7063 -0.7063
vn -0.0170 0.9658 -0.2588
vn 0.0170 0.9658 0.2588
vn 0.0463 0.7063 0.7063
vn 0.0632 0.2583 0.9640
vn 0.0632 -0.2583 0.9640
vn 0.0463 -0.7063 0.7063
vn 0.0170 -0.9658 0.2588
vn -0.0170 -0.9658 -0.2588
vn -0.0463 -0.7063 -0.7063
vn -0.0632 -0.2583 -0.9640
vn -0.1885 0.2583 -0.9475
vn -0.1381 0.7063 -0.6943
vn -0.0506 0.9658 -0.2544
vn 0.0506 0.9658 0.2544
vn 0.1381 0.7063 0.6943
vn 0.1885 0.2583 0.9475
vn 0.1885 -0.2583 0.9475
vn 0.1381 -0.7063 0.6943
vn 0.0506 -0.9658 0.2544
vn -0.0506 -0.9658 -0.2544
vn -0.1381 -0.7063 -0.6943
vn -0.1885 -0.2583 -0.9475
vn -0.3105 0.2583 -0.9148
vn -0.2275 0.7063 -0.6703
vn -0.0834 0.9658 -0.2456
vn 0.0834 0.9658 0.2456
vn 0.2275 0.7063 0.6703
vn 0.3105 0.2583 0.9148
vn 0.3105 -0.2583 0.9148
vn 0.2275 -0.7063 0.6703
vn 0.0834 -0.9658 0.2456
vn -0.0834 -0.9658 -0.2456
vn -0.2275 -0.7063 -0.6703
vn -0.3105 -0.2583 -0.9148
vn -0.4273 0.2583 -0.8664
vn -0.3131 0.7063 -0.6349
vn -0.1147 0.9658 -0.2326
vn 0.1147 0.9658 0.2326
vn 0.3131 0.7063 0.6349
vn 0.4273 0.2583 0.8664
vn 0.4273 -0.2583 0.8664
vn 0.3131 -0.7063 0.6349
vn 0.1147 -0.9658 0.2326
vn -0.1147 -0.9658 -0.2326
vn -0.3131 -0.7063 -0.6349
vn -0.4273 -0.2583 -0.8664
vn -0.5367 0.2583 -0.8033
vn -0.3933 0.7063 -0.5886
vn -0.1441 0.9658 -0.2156
vn 0.1441 0.9658 0.2156
vn 0.3933 0.7063 0.5886
vn 0.5367 0.2583 0.8033
vn 0.5367 -0.2583 0.8033
vn 0.3933 -0.7063 0.5886
vn 0.1441 -0.9658 0.2156
vn -0.1441 -0.9658 -0.2156
vn -0.3933 -0.7063 -0.5886
vn -0.5367 -0.2583 -0.8033
vn -0.6370 0.2583 -0.7263
vn -0.4667 0.7063 -0.5322
vn -0.1710 0.9658 -0.1950
vn 0.1710 0.9658 0.1950
vn 0.4667 0.7063 0.5322
vn 0.6370 0.2583 0.7263
vn 0.6370 -0.2583 0.7263
vn 0.4667 -0.7063 0.5322
vn 0.1710 -0.9658 0.1950
vn -0.1710 -0.9658 -0.1950
vn -0.4667 -0.7063 -0.5322
vn -0.6370 -0.2583 -0.7263
vn -0.7263 0.2583 -0.6370
vn -0.5322 0.7063 -0.4667
vn -0.1950 0.9658 -0.1710
vn 0.1950 0.9658 0.1710
vn 0.5322 0.7063 0.4667
vn 0.7263 0.2583 0.6370
vn 0.7263 -0.2583 0.6370
vn 0.5322 -0.7063 0.4667
vn 0.1950 -0.9658 0.1710
vn -0.1950 -0.9658 -0.1710
vn -0.5322 -0.7063 -0.4667
vn -0.7263 -0.2583 -0.6370
vn -0.8033 0.2583 -0.5367
vn -0.5886 0.7063 -0.3933
vn -0.2156 0.9658 -0.1441
vn 0.2156 0.9658 0.1441
vn 0.5886 0.7063 0.3933
vn 0.8033 0.2583 0.5367
vn 0.8033 -0.2583 0.5367
vn 0.5886 -0.7063 0.3933
vn 0.2156 -0.9658 0.1441
vn -0.2156 -0.9658 -0.1441
vn -0.5886 -0.7063 -0.3933
vn -0.8033 -0.2583 -0.5367
vn -0.8664 0.2583 -0.4273
vn -0.6349 0.7063 -0.3131
vn -0.2326 0.9658 -0.1147
vn 0.2326 0.9658 0.1147
vn 0.6349 0.7063 0.3131
vn 0.8664 0.2583 0.4273
vn 0.8664 -0.2583 0.4273
vn 0.6349 -0.7063 0.3131
vn 0.2326 -0.9658 0.1147
vn -0.2326 -0.9658 -0.1147
vn -0.6349 -0.7063 -0.3131
vn -0.8664 -0.2583 -0.4273
vn -0.9148 0.2583 -0.3105
vn -0.6703 0.7063 -0.2275
vn -0.2456 0.9658 -0.0834
vn 0.2456 0.9658 0.0834
vn 0.6703 0.7063 0.2275
vn 0.9148 0.2583 0.3105
vn 0.9148 -0.2583 0.3105
vn 0.6703 -0.7063 0.2275
vn 0.2456 -0.9658 0.0834
vn -0.2456 -0.9658 -0.0834
vn -0.6703 -0.7063 -0.2275
vn -0.9148 -0.2583 -0.3105
vn -0.9475 0.2583 -0.1885
vn -0.6943 0.7063 -0.1381
vn -0.2544 0.9658 -0.0506
vn 0.2544 0.9658 0.0506
vn 0.6943 0.7063 0.1381
vn 0.9475 0.2583 0.1885
vn 0.9475 -0.2583 0.1885
vn 0.6943 -0.7063 0.1381
vn 0.2544 -0.9658 0.0506
vn -0.2544 -0.9658 -0.0506
vn -0.6943 -0.7063 -0.1381
vn -0.9475 -0.2583 -0.1885
vn -0.9640 0.2583 -0.0632
vn -0.7063 0.7063 -0.0463
vn -0.2588 0.9658 -0.0170
vn 0.2588 0.9658 0.0170
vn 0.7063 0.7063 0.0463
vn 0.9640 0.2583 0.0632
vn 0.9640 -0.2583 0.0632
vn 0.7063 -0.7063 0.0463
vn 0.2588 -0.9658 0.0170
vn -0.2588 -0.9658 -0.0170
vn -0.7063 -0.7063 -0.0463
vn -0.9640 -0.2583 -0.0632
vt 0.500000 0.500000
vt 0.520833 0.500000
vt 0.520833 0.583333
vt 0.500000 0.583333
vt 0.520833 0.666667
vt 0.500000 0.666667
vt 0.520833 0.750000
vt 0.500000 0.750000
vt 0.520833 0.833333
vt 0.500000 0.833333
vt 0.520833 0.916667
vt 0.500000 0.916667
vt 0.520833 1.000000
vt 0.500000 1.000000
vt 0.500000 0.000000
vt 0.520833 0.000000
vt 0.520833 0.083333
vt 0.500000 0.083333
vt 0.520833 0.166667
vt 0.500000 0.166667
vt 0.520833 0.250000
vt 0.500000 0.250000
vt 0.520833 0.333333
vt 0.500000 0.333333
vt 0.520833 0.416667
vt 0.500000 0.416667
vt 0.541667 0.500000
vt 0.541667 0.583333
vt 0.541667 0.666667
vt 0.541667 0.750000
vt 0.541667 0.833333
vt 0.541667 0.916667
vt 0.541667 1.000000
vt 0.541667 0.000000
vt 0.541667 0.083333
vt 0.541667 0.166667
vt 0.541667 0.250000
vt 0.541667 0.333333
vt 0.541667 0.416667
vt 0.562500 0.500000
vt 0.562500 0.583333
vt 0.562500 0.666667
vt 0.562500 0.750000
vt 0.562500 0.833333
vt 0.562500 0.916667
vt 0.562500 1.000000
vt 0.562500 0.000000
vt 0.562500 0.083333
vt 0.562500 0.166667
vt 0.562500 0.250000
vt 0.562500 0.333333
vt 0.562500 0.416667
vt 0.583333 0.500000
vt 0.583333 0.583333
vt 0.583333 0.666667
vt 0.583333 0.750000
vt 0.583333 0.833333
vt 0.583333 0.916667
vt 0.583333 1.000000
vt 0.583333 0.000000
vt 0.583333 0.083333
vt 0.583333 0.166667
vt 0.583333 0.250000
vt 0.583333 0.333333
vt 0.583333 0.416667
vt 0.604167 0.500000
vt 0.604167 0.583333
vt 0.604167 0.666667
vt 0.604167 0.750000
vt 0.604167 0.833333
vt 0.604167 0.916667
vt 0.604167 1.000000
vt 0.604167 0.000000
vt 0.604167 0.083333
vt 0.604167 0.166667
vt 0.604167 0.250000
vt 0.604167 0.333333
vt 0.604167 0.416667
vt 0.625000 0.500000
vt 0.625000 0.583333
vt 0.625000 0.666667
vt 0.625000 0.750000
vt 0.625000 0.833333
vt 0.625000 0.916667
vt 0.625000 1.000000
vt 0.625000 0.000000
vt 0.625000 0.083333
vt 0.625000 0.166667
vt 0.625000 0.250000
vt 0.625000 0.333333
vt 0.625000 0.416667
vt 0.645833 0.500000
vt 0.645833 0.583333
vt 0.645833 0.666667
vt 0.645833 0.750000
vt 0.645833 0.833333
vt 0.645833 0.916667
vt 0.645833 1.000000
vt 0.645833 0.000000
vt 0.645833 0.083333
vt 0.645833 0.166667
vt 0.645833 0.250000
vt 0.645833 0.333333
vt 0.645833 0.416667
vt 0.666667 0.500000
vt 0.666667 0.583333
vt 0.666667 0.666667
vt 0.666667 0.750000
vt 0.666667 0.833333
vt 0.666667 0.916667
vt 0.666667 1.000000
vt 0.666667 0.000000
vt 0.666667 0.083333
vt 0.666667 0.166667
vt 0.666667 0.250000
vt 0.666667 0.333333
vt 0.666667 0.416667
vt 0.687500 0.500000
vt 0.687500 0.583333
vt 0.687500 0.666667
vt 0.687500 0.750000
vt 0.687500 0.833333
vt 0.687500 0.916667
vt 0.687500 1.000000
vt 0.687500 0.000000
vt 0.687500 0.083333
vt 0.687500 0.166667
vt 0.687500 0.250000
vt 0.687500 0.333333
vt 0.687500 0.416667
vt 0.708333 0.500000
vt 0.708333 0.583333
vt 0.708333 0.666667
vt 0.708333 0.750000
vt 0.708333 0.833333
vt 0.708333 0.916667
vt 0.708333 1.000000
vt 0.708333 0.000000
vt 0.708333 0.083333
vt 0.708333 0.166667
vt 0.708333 0.250000
vt 0.708333 0.333333
vt 0.708333 0.416667
vt 0.729167 0.500000
vt 0.729167 0.583333
vt 0.729167 0.666667
vt 0.729167 0.750000
vt 0.729167 0.833333
vt 0.729167 0.916667
vt 0.729167 1.000000
vt 0.729167 0.000000
vt 0.729167 0.083333
vt 0.729167 0.166667
vt 0.729167 0.250000
vt 0.729167 0.333333
vt 0.729167 0.416667
vt 0.750000 0.500000
vt 0.750000 0.583333
vt 0.750000 0.666667
vt 0.750000 0.750000
vt 0.750000 0.833333
vt 0.750000 0.916667
vt 0.750000 1.000000
vt 0.750000 0.000000
vt 0.750000 0.083333
vt 0.750000 0.166667
vt 0.750000 0.250000
vt 0.750000 0.333333
vt 0.750000 0.416667
vt 0.770833 0.500000
vt 0.770833 0.583333
vt 0.770833 0.666667
vt 0.770833 0.750000
vt 0.770833 0.833333
vt 0.770833 0.916667
vt 0.770833 1.000000
vt 0.770833 0.000000
vt 0.770833 0.083333
vt 0.770833 0.166667
vt 0.770833 0.250000
vt 0.770833 0.333333
vt 0.770833 0.416667
vt 0.791667 0.500000
vt 0.791667 0.583333
vt 0.791667 0.666667
vt 0.791667 0.750000
vt 0.791667 0.833333
vt 0.791667 0.916667
vt 0.791667 1.000000
vt 0.791667 0.000000
vt 0.791667 0.083333
vt 0.791667 0.166667
vt 0.791667 0.250000
vt 0.791667 0.333333
vt 0.791667 0.416667
vt 0.812500 0.500000
vt 0.812500 0.583333
vt 0.812500 0.666667
vt 0.812500 0.750000
vt 0.812500 0.833333
vt 0.812500 0.916667
vt 0.812500 1.000000
vt 0.812500 0.000000
vt 0.812500 0.083333
vt 0.812500 0.166667
vt 0.812500 0.250000
vt 0.812500 0.333333
vt 0.812500 0.416667
vt 0.833333 0.500000
vt 0.833333 0.583333
vt 0.833333 0.666667
vt 0.833333 0.750000
vt 0.833333 0.833333
vt 0.833333 0.916667
vt 0.833333 1.000000
vt 0.833333 0.000000
vt 0.833333 0.083333
vt 0.833333 0.166667
vt 0.833333 0.250000
vt 0.833333 0.333333
vt 0.833333 0.416667
vt 0.854167 0.500000
vt 0.854167 0.583333
vt 0.854167 0.666667
vt 0.854167 0.750000
vt 0.854167 0.833333
vt 0.854167 0.916667
vt 0.854167 1.000000
vt 0.854167 0.000000
vt 0.854167 0.083333
vt 0.854167 0.166667
vt 0.854167 0.250000
vt 0.854167 0.333333
vt 0.854167 0.416667
vt 0.875000 0.500000
vt 0.875000 0.583333
vt 0.875000 0.666667
vt 0.875000 0.750000
vt 0.875000 0.833333
vt 0.875000 0.916667
vt 0.875000 1.000000
vt 0.875000 0.000000
vt 0.875000 0.083333
vt 0.875000 0.166667
vt 0.875000 0.250000
vt 0.875000 0.333333
vt 0.875000 0.416667
vt 0.895833 0.500000
vt 0.895833 0.583333
vt 0.895833 0.666667
vt 0.895833 0.750000
vt 0.895833 0.833333
vt 0.895833 0.916667
vt 0.895833 1.000000
vt 0.895833 0.000000
vt 0.895833 0.083333
vt 0.895833 0.166667
vt 0.895833 0.250000
vt 0.895833 0.333333
vt 0.895833 0.416667
vt 0.916667 0.500000
vt 0.916667 0.583333
vt 0.916667 0.666667
vt 0.916667 0.750000
vt 0.916667 0.833333
vt 0.916667 0.916667
vt 0.916667 1.000000
vt 0.916667 0.000000
vt 0.916667 0.083333
vt 0.916667 0.166667
vt 0.916667 0.250000
vt 0.916667 0.333333
vt 0.916667 0.416667
vt 0.937500 0.500000
vt 0.937500 0.583333
vt 0.937500 0.666667
vt 0.937500 0.750000
vt 0.937500 0.833333
vt 0.937500 0.916667
vt 0.937500 1.000000
vt 0.937500 0.000000
vt 0.937500 0.083333
vt 0.937500 0.166667
vt 0.937500 0.250000
vt 0.937500 0.333333
vt 0.937500 0.416667
vt 0.958333 0.500000
vt 0.958333 0.583333
vt 0.958333 0.666667
vt 0.958333 0.750000
vt 0.958333 0.833333
vt 0.958333 0.916667
vt 0.958333 1.000000
vt 0.958333 0.000000
vt 0.958333 0.083333
vt 0.958333 0.166667
vt 0.958333 0.250000
vt 0.958333 0.333333
vt 0.958333 0.416667
vt 0.979167 0.500000
vt 0.979167 0.583333
vt 0.979167 0.666667
vt 0.979167 0.750000
vt 0.979167 0.833333
vt 0.979167 0.916667
vt 0.979167 1.000000
vt 0.979167 0.000000
vt 0.979167 0.083333
vt 0.979167 0.166667
vt 0.979167 0.250000
vt 0.979167 0.333333
vt 0.979167 0.416667
vt 1.000000 0.500000
vt 1.000000 0.583333
vt 1.000000 0.666667
vt 1.000000 0.750000
vt 1.000000 0.833333
vt 1.000000 0.916667
vt 1.000000 1.000000
vt 1.000000 0.000000
vt 1.000000 0.083333
vt 1.000000 0.166667
vt 1.000000 0.250000
vt 1.000000 0.333333
vt 1.000000 0.416667
vt 0.000000 0.500000
vt 0.020833 0.500000
vt 0.020833 0.583333
vt 0.000000 0.583333
vt 0.020833 0.666667
vt 0.000000 0.666667
vt 0.020833 0.750000
vt 0.000000 0.750000
vt 0.020833 0.833333
vt 0.000000 0.833333
vt 0.020833 0.916667
vt 0.000000 0.916667
vt 0.020833 1.000000
vt 0.000000 1.000000
vt 0.000000 0.000000
vt 0.020833 0.000000
vt 0.020833 0.083333
vt 0.000000 0.083333
vt 0.020833 0.166667
vt 0.000000 0.166667
vt 0.020833 0.250000
vt 0.000000 0.250000
vt 0.020833 0.333333
vt 0.000000 0.333333
vt 0.020833 0.416667
vt 0.000000 0.416667
vt 0.041667 0.500000
vt 0.041667 0.583333
vt 0.041667 0.666667
vt 0.041667 0.750000
vt 0.041667 0.833333
vt 0.041667 0.916667
vt 0.041667 1.000000
vt 0.041667 0.000000
vt 0.041667 0.083333
vt 0.041667 0.166667
vt 0.041667 0.250000
vt 0.041667 0.333333
vt 0.041667 0.416667
vt 0.062500 0.500000
vt 0.062500 0.583333
vt 0.062500 0.666667
vt 0.062500 0.750000
vt 0.062500 0.833333
vt 0.062500 0.916667
vt 0.062500 1.000000
vt 0.062500 0.000000
vt 0.062500 0.083333
vt 0.062500 0.166667
vt 0.062500 0.250000
vt 0.062500 0.333333
vt 0.062500 0.416667
vt 0.083333 0.500000
vt 0.083333 0.583333
vt 0.083333 0.666667
vt 0.083333 0.750000
vt 0.083333 0.833333
vt 0.083333 0.916667
vt 0.083333 1.000000
vt 0.083333 0.000000
vt 0.083333 0.083333
vt 0.083333 0.166667
vt 0.083333 0.250000
vt 0.083333 0.333333
vt 0.083333 0.416667
vt 0.104167 0.500000
vt 0.104167 0.583333
vt 0.104167 0.666667
vt 0.104167 0.750000
vt 0.104167 0.833333
vt 0.104167 0.916667
vt 0.104167 1.000000
vt 0.104167 0.000000
vt 0.104167 0.083333
vt 0.104167 0.166667
vt 0.104167 0.250000
vt 0.104167 0.333333
vt 0.104167 0.416667
vt 0.125000 0.500000
vt 0.125000 0.583333
vt 0.125000 0.666667
vt 0.125000 0.750000
vt 0.125000 0.833333
vt 0.125000 0.916667
vt 0.125000 1.000000
vt 0.125000 0.000000
vt 0.125000 0.083333
vt 0.125000 0.166667
vt 0.125000 0.250000
vt 0.125000 0.333333
vt 0.125000 0.416667
vt 0.145833 0.500000
vt 0.145833 0.583333
vt 0.145833 0.666667
vt 0.145833 0.750000
vt 0.145833 0.833333
vt 0.145833 0.916667
vt 0.145833 1.000000
vt 0.145833 0.000000
vt 0.145833 0.083333
vt 0.145833 0.166667
vt 0.145833 0.250000
vt 0.145833 0.333333
vt 0.145833 0.416667
vt 0.166667 0.500000
vt 0.166667 0.583333
vt 0.166667 0.666667
vt 0.166667 0.750000
vt 0.166667 0.833333
vt 0.166667 0.916667
vt 0.166667 1.000000
vt 0.166667 0.000000
vt 0.166667 0.083333
vt 0.166667 0.166667
vt 0.166667 0.250000
vt 0.166667 0.333333
vt 0.166667 0.416667
vt 0.187500 0.500000
vt 0.187500 0.583333
vt 0.187500 0.666667
vt 0.187500 0.750000
vt 0.187500 0.833333
vt 0.187500 0.916667
vt 0.187500 1.000000
vt 0.187500 0.000000
vt 0.187500 0.083333
vt 0.187500 0.166667
vt 0.187500 0.250000
vt 0.187500 0.333333
vt 0.187500 0.416667
vt 0.208333 0.500000
vt 0.208333 0.583333
vt 0.208333 0.666667
vt 0.208333 0.750000
vt 0.208333 0.833333
vt 0.208333 0.916667
vt 0.208333 1.000000
vt 0.208333 0.000000
vt 0.208333 0.083333
vt 0.208333 0.166667
vt 0.208333 0.250000
vt 0.208333 0.333333
vt 0.208333 0.416667
vt 0.229167 0.500000
vt 0.229167 0.583333
vt 0.229167 0.666667
vt 0.229167 0.750000
vt 0.229167 0.833333
vt 0.229167 0.916667
vt 0.229167 1.000000
vt 0.229167 0.000000
vt 0.229167 0.083333
vt 0.229167 0.166667
vt 0.229167 0.250000
vt 0.229167 0.333333
vt 0.229167 0.416667
vt 0.250000 0.500000
vt 0.250000 0.583333
vt 0.250000 0.666667
vt 0.250000 0.750000
vt 0.250000 0.833333
vt 0.250000 0.916667
vt 0.250000 1.000000
vt 0.250000 0.000000
vt 0.250000 0.083333
vt 0.250000 0.166667
vt 0.250000 0.250000
vt 0.250000 0.333333
vt 0.250000 0.416667
vt 0.270833 0.500000
vt 0.270833 0.583333
vt 0.270833 0.666667
vt 0.270833 0.750000
vt 0.270833 0.833333
vt 0.270833 0.916667
vt 0.270833 1.000000
vt 0.270833 0.000000
vt 0.270833 0.083333
vt 0.270833 0.166667
vt 0.270833 0.250000
vt 0.270833 0.333333
vt 0.270833 0.416667
vt 0.291667 0.500000
vt 0.291667 0.583333
vt 0.291667 0.666667
vt 0.291667 0.750000
vt 0.291667 0.833333
vt 0.291667 0.916667
vt 0.291667 1.000000
vt 0.291667 0.000000
vt 0.291667 0.083333
vt 0.291667 0.166667
vt 0.291667 0.250000
vt 0.291667 0.333333
vt 0.291667 0.416667
vt 0.312500 0.500000
vt 0.312500 0.583333
vt 0.312500 0.666667
vt 0.312500 0.750000
vt 0.312500 0.833333
vt 0.312500 0.916667
vt 0.312500 1.000000
vt 0.312500 0.000000
vt 0.312500 0.083333
vt 0.312500 0.166667
vt 0.312500 0.250000
vt 0.312500 0.333333
vt 0.312500 0.416667
vt 0.333333 0.500000
vt 0.333333 0.583333
vt 0.333333 0.666667
vt 0.333333 0.750000
vt 0.333333 0.833333
vt 0.333333 0.916667
vt 0.333333 1.000000
vt 0.333333 0.000000
vt 0.333333 0.083333
vt 0.333333 0.166667
vt 0.333333 0.250000
vt 0.333333 0.333333
vt 0.333333 0.416667
vt 0.354167 0.500000
vt 0.354167 0.583333
vt 0.354167 0.666667
vt 0.354167 0.750000
vt 0.354167 0.833333
vt 0.354167 0.916667
vt 0.354167 1.000000
vt 0.354167 0.000000
vt 0.354167 0.083333
vt 0.354167 0.166667
vt 0.354167 0.250000
vt 0.354167 0.333333
vt 0.354167 0.416667
vt 0.375000 0.500000
vt 0.375000 0.583333
vt 0.375000 0.666667
vt 0.375000 0.750000
vt 0.375000 0.833333
vt 0.375000 0.916667
vt 0.375000 1.000000
vt 0.375000 0.000000
vt 0.375000 0.083333
vt 0.375000 0.166667
vt 0.375000 0.250000
vt 0.375000 0.333333
vt 0.375000 0.416667
vt 0.395833 0.500000
vt 0.395833 0.583333
vt 0.395833 0.666667
vt 0.395833 0.750000
vt 0.395833 0.833333
vt 0.395833 0.916667
vt 0.395833 1.000000
vt 0.395833 0.000000
vt 0.395833 0.083333
vt 0.395833 0.166667
vt 0.395833 0.250000
vt 0.395833 0.333333
vt 0.395833 0.416667
vt 0.416667 0.500000
vt 0.416667 0.583333
vt 0.416667 0.666667
vt 0.416667 0.750000
vt 0.416667 0.833333
vt 0.416667 0.916667
vt 0.416667 1.000000
vt 0.416667 0.000000
vt 0.416667 0.083333
vt 0.416667 0.166667
vt 0.416667 0.250000
vt 0.416667 0.333333
vt 0.416667 0.416667
vt 0.437500 0.500000
vt 0.437500 0.583333
vt 0.437500 0.666667
vt 0.437500 0.750000
vt 0.437500 0.833333
vt 0.437500 0.916667
vt 0.437500 1.000000
vt 0.437500 0.000000
vt 0.437500 0.083333
vt 0.437500 0.166667
vt 0.437500 0.250000
vt 0.437500 0.333333
vt 0.437500 0.416667
vt 0.458333 0.500000
vt 0.458333 0.583333
vt 0.458333 0.666667
vt 0.458333 0.750000
vt 0.458333 0.833333
vt 0.458333 0.916667
vt 0.458333 1.000000
vt 0.458333 0.000000
vt 0.458333 0.083333
vt 0.458333 0.166667
vt 0.458333 0.250000
vt 0.458333 0.333333
vt 0.458333 0.416667
vt 0.479167 0.500000
vt 0.479167 0.583333
vt 0.479167 0.666667
vt 0.479167 0.750000
vt 0.479167 0.833333
vt 0.479167 0.916667
vt 0.479167 1.000000
vt 0.479167 0.000000
vt 0.479167 0.083333
vt 0.479167 0.166667
vt 0.479167 0.250000
vt 0.479167 0.333333
vt 0.479167 0.416667
s 0
f 633/771/634 645/772/634 646/773/634 634/774/634
f 634/774/635 646/773/635 647/775/635 635/776/635
f 635/776/636 647/775/636 648/777/636 636/778/636
f 636/778/637 648/777/637 649/779/637 637/780/637
f 637/780/638 649/779/638 650/781/638 638/782/638
f 638/782/639 650/781/639 651/783/639 639/784/639
f 639/785/640 651/786/640 652/787/640 640/788/640
f 640/788/641 652/787/641 653/789/641 641/790/641
f 641/790/642 653/789/642 654/791/642 642/792/642
f 642/792/643 654/791/643 655/793/643 643/794/643
f 643/794/644 655/793/644 656/795/644 644/796/644
f 644/796/645 656/795/645 645/772/645 633/771/645
f 645/772/646 657/797/646 658/798/646 646/773/646
f 646/773/647 658/798/647 659/799/647 647/775/647
f 647/775/648 659/799/648 660/800/648 648/777/648
f 648/777/649 660/800/649 661/801/649 649/779/649
f 649/779/650 661/801/650 662/802/650 650/781/650
f 650/781/651 662/802/651 663/803/651 651/783/651
f 651/786/652 663/804/652 664/805/652 652/787/652
f 652/787/653 664/805/653 665/806/653 653/789/653
f 653/789/654 665/806/654 666/807/654 654/791/654
f 654/791/655 666/807/655 667/808/655 655/793/655
f 655/793/656 667/808/656 668/809/656 656/795/656
f 656/795/657 668/809/657 657/797/657 645/772/657
f 657/797/658 669/810/658 670/811/658 658/798/658
f 658/798/659 670/811/659 671/812/659 659/799/659
f 659/799/660 671/812/660 672/813/660 660/800/660
f 660/800/661 672/813/661 673/814/661 661/801/661
f 661/801/662 673/814/662 674/815/662 662/802/662
f 662/802/663 674/815/663 675/816/663 663/803/663
f 663/804/664 675/817/664 676/818/664 664/805/664
f 664/805/665 676/818/665 677/819/665 665/806/665
f 665/806/666 677/819/666 678/820/666 666/807/666
f 666/807/667 678/820/667 679/821/667 667/808/667
f 667/808/668 679/821/668 680/822/668 668/809/668
f 668/809/669 680/822/669 669/810/669 657/797/669
f 669/810/670 681/823/670 682/824/670 670/811/670
f 670/811/671 682/824/671 683/825/671 671/812/671
f 671/812/672 683/825/672 684/826/672 672/813/672
f 672/813/673 684/826/673 685/827/673 673/814/673
f 673/814/674 685/827/674 686/828/674 674/815/674
f 674/815/675 686/828/675 687/829/675 675/816/675
f 675/817/676 687/830/676 688/831/676 676/818/676
f 676/818/677 688/831/677 689/832/677 677/819/677
f 677/819/678 689/832/678 690/833/678 678/820/678
f 678/820/679 690/833/679 691/834/679 679/821/679
f 679/821/680 691/834/680 692/835/680 680/822/680
f 680/822/681 692/835/681 681/823/681 669/810/681
f 681/823/682 693/836/682 694/837/682 682/824/682
f 682/824/683 694/837/683 695/838/683 683/825/683
f 683/825/684 695/838/684 696/839/684 684/826/684
f 684/826/685 696/839/685 697/840/685 685/827/685
f 685/827/686 697/840/686 698/841/686 686/828/686
f 686/828/687 698/841/687 699/842/687 687/829/687
f 687/830/688 699/843/688 700/844/688 688/831/688
f 688/831/689 700/844/689 701/845/689 689/832/689
f 689/832/690 701/845/690 702/846/690 690/833/690
f 690/833/691 702/846/691 703/847/691 691/834/691
f 691/834/692 703/847/692 704/848/692 692/835/692
f 692/835/693 704/848/693 693/836/693 681/823/693
f 693/836/694 705/849/694 706/850/694 694/837/694
f 694/837/695 706/850/695 707/851/695 695/838/695
f 695/838/696 707/851/696 708/852/696 696/839/696
f 696/839/697 708/852/697 709/853/697 697/840/697
f 697/840/698 709/853/698 710/854/698 698/841/698
f 698/841/699 710/854/699 711/855/699 699/842/699
f 699/843/700 711/856/700 712/857/700 700/844/700
f 700/844/701 712/857/701 713/858/701 701/845/701
f 701/845/702 713/858/702 714/859/702 702/846/702
f 702/846/703 714/859/703 715/860/703 703/847/703
f 703/847/704 715/860/704 716/861/704 704/848/704
f 704/848/705 716/861/705 705/849/705 693/836/705
f 705/849/706 717/862/706 718/863/706 706/850/706
f 706/850/707 718/863/707 719/864/707 707/851/707
f 707/851/708 719/864/708 720/865/708 708/852/708
f 708/852/709 720/865/709 721/866/709 709/853/709
f 709/853/710 721/866/710 722/867/710 710/854/710
f 710/854/711 722/867/711 723/868/711 711/855/711
f 711/856/712 723/869/712 724/870/712 712/857/712
f 712/857/713 724/870/713 725/871/713 713/858/713
f 713/858/714 725/871/714 726/872/714 714/859/714
f 714/859/715 726/872/715 727/873/715 715/860/715
f 715/860/716 727/873/716 728/874/716 716/861/716
f 716/861/717 728/874/717 717/862/717 705/849/717
f 717/862/718 729/875/718 730/876/718 718/863/718
f 718/863/719 730/876/719 731/877/719 719/864/719
f 719/864/720 731/877/720 732/878/720 720/865/720
f 720/865/721 732/878/721 733/879/721 721/866/721
f 721/866/722 733/879/722 734/880/722 722/867/722
f 722/867/723 734/880/723 735/881/723 723/868/723
f 723/869/724 735/882/724 736/883/724 724/870/724
f 724/870/725 736/883/725 737/884/725 725/871/725
f 725/871/726 737/884/726 738/885/726 726/872/726
f 726/872/727 738/885/727 739/886/727 727/873/727
f 727/873/728 739/886/728 740/887/728 728/874/728
f 728/874/729 740/887/729 729/875/729 717/862/729
f 729/875/730 741/888/730 742/889/730 730/876/730
f 730/876/731 742/889/731 743/890/731 731/877/731
f 731/877/732 743/890/732 744/891/732 732/878/732
f 732/878/733 744/891/733 745/892/733 733/879/733
f 733/879/734 745/892/734 746/893/734 734/880/734
f 734/880/735 746/893/735 747/894/735 735/881/735
f 735/882/736 747/895/736 748/896/736 736/883/736
f 736/883/737 748/896/737 749/897/737 737/884/737
f 737/884/738 749/897/738 750/898/738 738/885/738
f 738/885/739 750/898/739 751/899/739 739/886/739
f 739/886/740 751/899/740 752/900/740 740/887/740
f 740/887/741 752/900/741 741/888/741 729/875/741
f 741/888/742 753/901/742 754/902/742 742/889/742
f 742/889/743 754/902/743 755/903/743 743/890/743
f 743/890/744 755/903/744 756/904/744 744/891/744
f 744/891/745 756/904/745 757/905/745 745/892/745
f 745/892/746 757/905/746 758/906/746 746/893/746
f 746/893/747 758/906/747 759/907/747 747/894/747
f 747/895/748 759/908/748 760/909/748 748/896/748
f 748/896/749 760/909/749 761/910/749 749/897/749
f 749/897/750 761/910/750 762/911/750 750/898/750
f 750/898/751 762/911/751 763/912/751 751/899/751
f 751/899/752 763/912/752 764/913/752 752/900/752
f 752/900/753 764/913/753 753/901/753 741/888/753
f 753/901/754 765/914/754 766/915/754 754/902/754
f 754/902/755 766/915/755 767/916/755 755/903/755
f 755/903/756 767/916/756 768/917/756 756/904/756
f 756/904/757 768/917/757 769/918/757 757/905/757
f 757/905/758 769/918/758 770/919/758 758/906/758
f 758/906/759 770/919/759 771/920/759 759/907/759
f 759/908/760 771/921/760 772/922/760 760/909/760
f 760/909/761 772/922/761 773/923/761 761/910/761
f 761/910/762 773/923/762 774/924/762 762/911/762
f 762/911/763 774/924/763 775/925/763 763/912/763
f 763/912/764 775/925/764 776/926/764 764/913/764
f 764/913/765 776/926/765 765/914/765 753/901/765
f 765/914/766 777/927/766 778/928/766 766/915/766
f 766/915/767 778/928/767 779/929/767 767/916/767
f 767/916/768 779/929/768 780/930/768 768/917/768
f 768/917/769 780/930/769 781/931/769 769/918/769
f 769/918/770 781/931/770 782/932/770 770/919/770
f 770/919/771 782/932/771 783/933/771 771/920/771
f 771/921/772 783/934/772 784/935/772 772/922/772
f 772/922/773 784/935/773 785/936/773 773/923/773
f 773/923/774 785/936/774 786/937/774 774/924/774
f 774/924/775 786/937/775 787/938/775 775/925/775
f 775/925/776 787/938/776 788/939/776 776/926/776
f 776/926/777 788/939/777 777/927/777 765/914/777
f 777/927/778 789/940/778 790/941/778 778/928/778
f 778/928/779 790/941/779 791/942/779 779/929/779
f 779/929/780 791/942/780 792/943/780 780/930/780
f 780/930/781 792/943/781 793/944/781 781/931/781
f 781/931/782 793/944/782 794/945/782 782/932/782
f 782/932/783 794/945/783 795/946/783 783/933/783
f 783/934/784 795/947/784 796/948/784 784/935/784
f 784/935/785 796/948/785 797/949/785 785/936/785
f 785/936/786 797/949/786 798/950/786 786/937/786
f 786/937/787 798/950/787 799/951/787 787/938/787
f 787/938/788 799/951/788 800/952/788 788/939/788
f 788/939/789 800/952/789 789/940/789 777/927/789
f 789/940/790 801/953/790 802/954/790 790/941/790
f 790/941/791 802/954/791 803/955/791 791/942/791
f 791/942/792 803/955/792 804/956/792 792/943/792
f 792/943/793 804/956/793 805/957/793 793/944/793
f 793/944/794 805/957/794 806/958/794 794/945/794
f 794/945/795 806/958/795 807/959/795 795/946/795
f 795/947/796 807/960/796 808/961/796 796/948/796
f 796/948/797 808/961/797 809/962/797 797/949/797
f 797/949/798 809/962/798 810/963/798 798/950/798
f 798/950/799 810/963/799 811/964/799 799/951/799
f 799/951/800 811/964/800 812/965/800 800/952/800
f 800/952/801 812/965/801 801/953/801 789/940/801
f 801/953/802 813/966/802 814/967/802 802/954/802
f 802/954/803 814/967/803 815/968/803 803/955/803
f 803/955/804 815/968/804 816/969/804 804/956/804
f 804/956/805 816/969/805 817/970/805 805/957/805
f 805/957/806 817/970/806 818/971/806 806/958/806
f 806/958/807 818/971/807 819/972/807 807/959/807
f 807/960/808 819/973/808 820/974/808 808/961/808
f 808/961/809 820/974/809 821/975/809 809/962/809
f 809/962/810 821/975/810 822/976/810 810/963/810
f 810/963/811 822/976/811 823/977/811 811/964/811
f 811/964/812 823/977/812 824/978/812 812/965/812
f 812/965/813 824/978/813 813/966/813 801/953/813
f 813/966/814 825/979/814 826/980/814 814/967/814
f 814/967/815 826/980/815 827/981/815 815/968/815
f 815/968/816 827/981/816 828/982/816 816/969/816
f 816/969/817 828/982/817 829/983/817 817/970/817
f 817/970/818 829/983/818 830/984/818 818/971/818
f 818/971/819 830/984/819 831/985/819 819/972/819
f 819/973/820 831/986/820 832/987/820 820/974/820
f 820/974/821 832/987/821 833/988/821 821/975/821
f 821/975/822 833/988/822 834/989/822 822/976/822
f 822/976/823 834/989/823 835/990/823 823/977/823
f 823/977/824 835/990/824 836/991/824 824/978/824
f 824/978/825 836/991/825 825/979/825 813/966/825
f 825/979/826 837/992/826 838/993/826 826/980/826
f 826/980/827 838/993/827 839/994/827 827/981/827
f 827/981/828 839/994/828 840/995/828 828/982/828
f 828/982/829 840/995/829 841/996/829 829/983/829
f 829/983/830 841/996/830 842/997/830 830/984/830
f 830/984/831 842/997/831 843/998/831 831/985/831
f 831/986/832 843/999/832 844/1000/832 832/987/832
f 832/987/833 844/1000/833 845/1001/833 833/988/833
f 833/988/834 845/1001/834 846/1002/834 834/989/834
f 834/989/835 846/1002/835 847/1003/835 835/990/835
f 835/990/836 847/1003/836 848/1004/836 836/991/836
f 836/991/837 848/1004/837 837/992/837 825/979/837
f 837/992/838 849/1005/838 850/1006/838 838/993/838
f 838/993/839 850/1006/839 851/1007/839 839/994/839
f 839/994/840 851/1007/840 852/1008/840 840/995/840
f 840/995/841 852/1008/841 853/1009/841 841/996/841
f 841/996/842 853/1009/842 854/1010/842 842/997/842
f 842/997/843 854/1010/843 855/1011/843 843/998/843
f 843/999/844 855/1012/844 856/1013/844 844/1000/844
f 844/1000/845 856/1013/845 857/1014/845 845/1001/845
f 845/1001/846 857/1014/846 858/1015/846 846/1002/846
f 846/1002/847 858/1015/847 859/1016/847 847/1003/847
f 847/1003/848 859/1016/848 860/1017/848 848/1004/848
f 848/1004/849 860/1017/849 849/1005/849 837/992/849
f 849/1005/850 861/1018/850 862/1019/850 850/1006/850
f 850/1006/851 862/1019/851 863/1020/851 851/1007/851
f 851/1007/852 863/1020/852 864/1021/852 852/1008/852
f 852/1008/853 864/1021/853 865/1022/853 853/1009/853
f 853/1009/854 865/1022/854 866/1023/854 854/1010/854
f 854/1010/855 866/1023/855 867/1024/855 855/1011/855
f 855/1012/856 867/1025/856 868/1026/856 856/1013/856
f 856/1013/857 868/1026/857 869/1027/857 857/1014/857
f 857/1014/858 869/1027/858 870/1028/858 858/1015/858
f 858/1015/859 870/1028/859 871/1029/859 859/1016/859
f 859/1016/860 871/1029/860 872/1030/860 860/1017/860
f 860/1017/861 872/1030/861 861/1018/861 849/1005/861
f 861/1018/862 873/1031/862 874/1032/862 862/1019/862
f 862/1019/863 874/1032/863 875/1033/863 863/1020/863
f 863/1020/864 875/1033/864 876/1034/864 864/1021/864
f 864/1021/865 876/1034/865 877/1035/865 865/1022/865
f 865/1022/866 877/1035/866 878/1036/866 866/1023/866
f 866/1023/867 878/1036/867 879/1037/867 867/1024/867
f 867/1025/868 879/1038/868 880/1039/868 868/1026/868
f 868/1026/869 880/1039/869 881/1040/869 869/1027/869
f 869/1027/870 881/1040/870 882/1041/870 870/1028/870
f 870/1028/871 882/1041/871 883/1042/871 871/1029/871
f 871/1029/872 883/1042/872 884/1043/872 872/1030/872
f 872/1030/873 884/1043/873 873/1031/873 861/1018/873
f 873/1031/874 885/1044/874 886/1045/874 874/1032/874
f 874/1032/875 886/1045/875 887/1046/875 875/1033/875
f 875/1033/876 887/1046/876 888/1047/876 876/1034/876
f 876/1034/877 888/1047/877 889/1048/877 877/1035/877
f 877/1035/878 889/1048/878 890/1049/878 878/1036/878
f 878/1036/879 890/1049/879 891/1050/879 879/1037/879
f 879/1038/880 891/1051/880 892/1052/880 880/1039/880
f 880/1039/881 892/1052/881 893/1053/881 881/1040/881
f 881/1040/882 893/1053/882 894/1054/882 882/1041/882
f 882/1041/883 894/1054/883 895/1055/883 883/1042/883
f 883/1042/884 895/1055/884 896/1056/884 884/1043/884
f 884/1043/885 896/1056/885 885/1044/885 873/1031/885
f 885/1044/886 897/1057/886 898/1058/886 886/1045/886
f 886/1045/887 898/1058/887 899/1059/887 887/1046/887
f 887/1046/888 899/1059/888 900/1060/888 888/1047/888
f 888/1047/889 900/1060/889 901/1061/889 889/1048/889
f 889/1048/890 901/1061/890 902/1062/890 890/1049/890
f 890/1049/891 902/1062/891 903/1063/891 891/1050/891
f 891/1051/892 903/1064/892 904/1065/892 892/1052/892
f 892/1052/893 904/1065/893 905/1066/893 893/1053/893
f 893/1053/894 905/1066/894 906/1067/894 894/1054/894
f 894/1054/895 906/1067/895 907/1068/895 895/1055/895
f 895/1055/896 907/1068/896 908/1069/896 896/1056/896
f 896/1056/897 908/1069/897 897/1057/897 885/1044/897
f 897/1057/898 909/1070/898 910/1071/898 898/1058/898
f 898/1058/899 910/1071/899 911/1072/899 899/1059/899
f 899/1059/900 911/1072/900 912/1073/900 900/1060/900
f 900/1060/901 912/1073/901 913/1074/901 901/1061/901
f 901/1061/902 913/1074/902 914/1075/902 902/1062/902
f 902/1062/903 914/1075/903 915/1076/903 903/1063/903
f 903/1064/904 915/1077/904 916/1078/904 904/1065/904
f 904/1065/905 916/1078/905 917/1079/905 905/1066/905
f 905/1066/906 917/1079/906 918/1080/906 906/1067/906
f 906/1067/907 918/1080/907 919/1081/907 907/1068/907
f 907/1068/908 919/1081/908 920/1082/908 908/1069/908
f 908/1069/909 920/1082/909 909/1070/909 897/1057/909
f 909/1070/910 921/1083/910 922/1084/910 910/1071/910
f 910/1071/911 922/1084/911 923/1085/911 911/1072/911
f 911/1072/912 923/1085/912 924/1086/912 912/1073/912
f 912/1073/913 924/1086/913 925/1087/913 913/1074/913
f 913/1074/914 925/1087/914 926/1088/914 914/1075/914
f 914/1075/915 926/1088/915 927/1089/915 915/1076/915
f 915/1077/916 927/1090/916 928/1091/916 916/1078/916
f 916/1078/917 928/1091/917 929/1092/917 917/1079/917
f 917/1079/918 929/1092/918 930/1093/918 918/1080/918
f 918/1080/919 930/1093/919 931/1094/919 919/1081/919
f 919/1081/920 931/1094/920 932/1095/920 920/1082/920
f 920/1082/921 932/1095/921 921/1083/921 909/1070/921
f 921/1096/639 933/1097/639 934/1098/639 922/1099/639
f 922/1099/638 934/1098/638 935/1100/638 923/1101/638
f 923/1101/637 935/1100/637 936/1102/637 924/1103/637
f 924/1103/636 936/1102/636 937/1104/636 925/1105/636
f 925/1105/635 937/1104/635 938/1106/635 926/1107/635
f 926/1107/634 938/1106/634 939/1108/634 927/1109/634
f 927/1110/645 939/1111/645 940/1112/645 928/1113/645
f 928/1113/644 940/1112/644 941/1114/644 929/1115/644
f 929/1115/643 941/1114/643 942/1116/643 930/1117/643
f 930/1117/642 942/1116/642 943/1118/642 931/1119/642
f 931/1119/641 943/1118/641 944/1120/641 932/1121/641
f 932/1121/640 944/1120/640 933/1097/640 921/1096/640
f 933/1097/651 945/1122/651 946/1123/651 934/1098/651
f 934/1098/650 946/1123/650 947/1124/650 935/1100/650
f 935/1100/649 947/1124/649 948/1125/649 936/1102/649
f 936/1102/648 948/1125/648 949/1126/648 937/1104/648
f 937/1104/647 949/1126/647 950/1127/647 938/1106/647
f 938/1106/646 950/1127/646 951/1128/646 939/1108/646
f 939/1111/657 951/1129/657 952/1130/657 940/1112/657
f 940/1112/656 952/1130/656 953/1131/656 941/1114/656
f 941/1114/655 953/1131/655 954/1132/655 942/1116/655
f 942/1116/654 954/1132/654 955/1133/654 943/1118/654
f 943/1118/653 955/1133/653 956/1134/653 944/1120/653
f 944/1120/652 956/1134/652 945/1122/652 933/1097/652
f 945/1122/663 957/1135/663 958/1136/663 946/1123/663
f 946/1123/662 958/1136/662 959/1137/662 947/1124/662
f 947/1124/661 959/1137/661 960/1138/661 948/1125/661
f 948/1125/660 960/1138/660 961/1139/660 949/1126/660
f 949/1126/659 961/1139/659 962/1140/659 950/1127/659
f 950/1127/658 962/1140/658 963/1141/658 951/1128/658
f 951/1129/669 963/1142/669 964/1143/669 952/1130/669
f 952/1130/668 964/1143/668 965/1144/668 953/1131/668
f 953/1131/667 965/1144/667 966/1145/667 954/1132/667
f 954/1132/666 966/1145/666 967/1146/666 955/1133/666
f 955/1133/665 967/1146/665 968/1147/665 956/1134/665
f 956/1134/664 968/1147/664 957/1135/664 945/1122/664
f 957/1135/675 969/1148/675 970/1149/675 958/1136/675
f 958/1136/674 970/1149/674 971/1150/674 959/1137/674
f 959/1137/673 971/1150/673 972/1151/673 960/1138/673
f 960/1138/672 972/1151/672 973/1152/672 961/1139/672
f 961/1139/671 973/1152/671 974/1153/671 962/1140/671
f 962/1140/670 974/1153/670 975/1154/670 963/1141/670
f 963/1142/681 975/1155/681 976/1156/681 964/1143/681
f 964/1143/680 976/1156/680 977/1157/680 965/1144/680
f 965/1144/679 977/1157/679 978/1158/679 966/1145/679
f 966/1145/678 978/1158/678 979/1159/678 967/1146/678
f 967/1146/677 979/1159/677 980/1160/677 968/1147/677
f 968/1147/676 980/1160/676 969/1148/676 957/1135/676
f 969/1148/687 981/1161/687 982/1162/687 970/1149/687
f 970/1149/686 982/1162/686 983/1163/686 971/1150/686
f 971/1150/685 983/1163/685 984/1164/685 972/1151/685
f 972/1151/684 984/1164/684 985/1165/684 973/1152/684
f 973/1152/683 985/1165/683 986/1166/683 974/1153/683
f 974/1153/682 986/1166/682 987/1167/682 975/1154/682
f 975/1155/693 987/1168/693 988/1169/693 976/1156/693
f 976/1156/692 988/1169/692 989/1170/692 977/1157/692
f 977/1157/691 989/1170/691 990/1171/691 978/1158/691
f 978/1158/690 990/1171/690 991/1172/690 979/1159/690
f 979/1159/689 991/1172/689 992/1173/689 980/1160/689
f 980/1160/688 992/1173/688 981/1161/688 969/1148/688
f 981/1161/699 993/1174/699 994/1175/699 982/1162/699
f 982/1162/698 994/1175/698 995/1176/698 983/1163/698
f 983/1163/697 995/1176/697 996/1177/697 984/1164/697
f 984/1164/696 996/1177/696 997/1178/696 985/1165/696
f 985/1165/695 997/1178/695 998/1179/695 986/1166/695
f 986/1166/694 998/1179/694 999/1180/694 987/1167/694
f 987/1168/705 999/1181/705 1000/1182/705 988/1169/705
f 988/1169/704 1000/1182/704 1001/1183/704 989/1170/704
f 989/1170/703 1001/1183/703 1002/1184/703 990/1171/703
f 990/1171/702 1002/1184/702 1003/1185/702 991/1172/702
f 991/1172/701 1003/1185/701 1004/1186/701 992/1173/701
f 992/1173/700 1004/1186/700 993/1174/700 981/1161/700
f 993/1174/711 1005/1187/711 1006/1188/711 994/1175/711
f 994/1175/710 1006/1188/710 1007/1189/710 995/1176/710
f 995/1176/709 1007/1189/709 1008/1190/709 996/1177/709
f 996/1177/708 1008/1190/708 1009/1191/708 997/1178/708
f 997/1178/707 1009/1191/707 1010/1192/707 998/1179/707
f 998/1179/706 1010/1192/706 1011/1193/706 999/1180/706
f 999/1181/717 1011/1194/717 1012/1195/717 1000/1182/717
f 1000/1182/716 1012/1195/716 1013/1196/716 1001/1183/716
f 1001/1183/715 1013/1196/715 1014/1197/715 1002/1184/715
f 1002/1184/714 1014/1197/714 1015/1198/714 1003/1185/714
f 1003/1185/713 1015/1198/713 1016/1199/713 1004/1186/713
f 1004/1186/712 1016/1199/712 1005/1187/712 993/1174/712
f 1005/1187/723 1017/1200/723 1018/1201/723 1006/1188/723
f 1006/1188/722 1018/1201/722 1019/1202/722 1007/1189/722
f 1007/1189/721 1019/1202/721 1020/1203/721 1008/1190/721
f 1008/1190/720 1020/1203/720 1021/1204/720 1009/1191/720
f 1009/1191/719 1021/1204/719 1022/1205/719 1010/1192/719
f 1010/1192/718 1022/1205/718 1023/1206/718 1011/1193/718
f 1011/1194/729 1023/1207/729 1024/1208/729 1012/1195/729
f 1012/1195/728 1024/1208/728 1025/1209/728 1013/1196/728
f 1013/1196/727 1025/1209/727 1026/1210/727 1014/1197/727
f 1014/1197/726 1026/1210/726 1027/1211/726 1015/1198/726
f 1015/1198/725 1027/1211/725 1028/1212/725 1016/1199/725
f 1016/1199/724 1028/1212/724 1017/1200/724 1005/1187/724
f 1017/1200/735 1029/1213/735 1030/1214/735 1018/1201/735
f 1018/1201/734 1030/1214/734 1031/1215/734 1019/1202/734
f 1019/1202/733 1031/1215/733 1032/1216/733 1020/1203/733
f 1020/1203/732 1032/1216/732 1033/1217/732 1021/1204/732
f 1021/1204/731 1033/1217/731 1034/1218/731 1022/1205/731
f 1022/1205/730 1034/1218/730 1035/1219/730 1023/1206/730
f 1023/1207/741 1035/1220/741 1036/1221/741 1024/1208/741
f 1024/1208/740 1036/1221/740 1037/1222/740 1025/1209/740
f 1025/1209/739 1037/1222/739 1038/1223/739 1026/1210/739
f 1026/1210/738 1038/1223/738 1039/1224/738 1027/1211/738
f 1027/1211/737 1039/1224/737 1040/1225/737 1028/1212/737
f 1028/1212/736 1040/1225/736 1029/1213/736 1017/1200/736
f 1029/1213/747 1041/1226/747 1042/1227/747 1030/1214/747
f 1030/1214/746 1042/1227/746 1043/1228/746 1031/1215/746
f 1031/1215/745 1043/1228/745 1044/1229/745 1032/1216/745
f 1032/1216/744 1044/1229/744 1045/1230/744 1033/1217/744
f 1033/1217/743 1045/1230/743 1046/1231/743 1034/1218/743
f 1034/1218/742 1046/1231/742 1047/1232/742 1035/1219/742
f 1035/1220/753 1047/1233/753 1048/1234/753 1036/1221/753
f 1036/1221/752 1048/1234/752 1049/1235/752 1037/1222/752
f 1037/1222/751 1049/1235/751 1050/1236/751 1038/1223/751
f 1038/1223/750 1050/1236/750 1051/1237/750 1039/1224/750
f 1039/1224/749 1051/1237/749 1052/1238/749 1040/1225/749
f 1040/1225/748 1052/1238/748 1041/1226/748 1029/1213/748
f 1041/1226/759 1053/1239/759 1054/1240/759 1042/1227/759
f 1042/1227/758 1054/1240/758 1055/1241/758 1043/1228/758
f 1043/1228/757 1055/1241/757 1056/1242/757 1044/1229/757
f 1044/1229/756 1056/1242/756 1057/1243/756 1045/1230/756
f 1045/1230/755 1057/1243/755 1058/1244/755 1046/1231/755
f 1046/1231/754 1058/1244/754 1059/1245/754 1047/1232/754
f 1047/1233/765 1059/1246/765 1060/1247/765 1048/1234/765
f 1048/1234/764 1060/1247/764 1061/1248/764 1049/1235/764
f 1049/1235/763 1061/1248/763 1062/1249/763 1050/1236/763
f 1050/1236/762 1062/1249/762 1063/1250/762 1051/1237/762
f 1051/1237/761 1063/1250/761 1064/1251/761 1052/1238/761
f 1052/1238/760 1064/1251/760 1053/1239/760 1041/1226/760
f 1053/1239/771 1065/1252/771 1066/1253/771 1054/1240/771
f 1054/1240/770 1066/1253/770 1067/1254/770 1055/1241/770
f 1055/1241/769 1067/1254/769 1068/1255/769 1056/1242/769
f 1056/1242/768 1068/1255/768 1069/1256/768 1057/1243/768
f 1057/1243/767 1069/1256/767 1070/1257/767 1058/1244/767
f 1058/1244/766 1070/1257/766 1071/1258/766 1059/1245/766
f 1059/1246/777 1071/1259/777 1072/1260/777 1060/1247/777
f 1060/1247/776 1072/1260/776 1073/1261/776 1061/1248/776
f 1061/1248/775 1073/1261/775 1074/1262/775 1062/1249/775
f 1062/1249/774 1074/1262/774 1075/1263/774 1063/1250/774
f 1063/1250/773 1075/1263/773 1076/1264/773 1064/1251/773
f 1064/1251/772 1076/1264/772 1065/1252/772 1053/1239/772
f 1065/1252/783 1077/1265/783 1078/1266/783 1066/1253/783
f 1066/1253/782 1078/1266/782 1079/1267/782 1067/1254/782
f 1067/1254/781 1079/1267/781 1080/1268/781 1068/1255/781
f 1068/1255/780 1080/1268/780 1081/1269/780 1069/1256/780
f 1069/1256/779 1081/1269/779 1082/1270/779 1070/1257/779
f 1070/1257/778 1082/1270/778 1083/1271/778 1071/1258/778
f 1071/1259/789 1083/1272/789 1084/1273/789 1072/1260/789
f 1072/1260/788 1084/1273/788 1085/1274/788 1073/1261/788
f 1073/1261/787 1085/1274/787 1086/1275/787 1074/1262/787
f 1074/1262/786 1086/1275/786 1087/1276/786 1075/1263/786
f 1075/1263/785 1087/1276/785 1088/1277/785 1076/1264/785
f 1076/1264/784 1088/1277/784 1077/1265/784 1065/1252/784
f 1077/1265/795 1089/1278/795 1090/1279/795 1078/1266/795
f 1078/1266/794 1090/1279/794 1091/1280/794 1079/1267/794
f 1079/1267/793 1091/1280/793 1092/1281/793 1080/1268/793
f 1080/1268/792 1092/1281/792 1093/1282/792 1081/1269/792
f 1081/1269/791 1093/1282/791 1094/1283/791 1082/1270/791
f 1082/1270/790 1094/1283/790 1095/1284/790 1083/1271/790
f 1083/1272/801 1095/1285/801 1096/1286/801 1084/1273/801
f 1084/1273/800 1096/1286/800 1097/1287/800 1085/1274/800
f 1085/1274/799 1097/1287/799 1098/1288/799 1086/1275/799
f 1086/1275/798 1098/1288/798 1099/1289/798 1087/1276/798
f 1087/1276/797 1099/1289/797 1100/1290/797 1088/1277/797
f 1088/1277/796 1100/1290/796 1089/1278/796 1077/1265/796
f 1089/1278/807 1101/1291/807 1102/1292/807 1090/1279/807
f 1090/1279/806 1102/1292/806 1103/1293/806 1091/1280/806
f 1091/1280/805 1103/1293/805 1104/1294/805 1092/1281/805
f 1092/1281/804 1104/1294/804 1105/1295/804 1093/1282/804
f 1093/1282/803 1105/1295/803 1106/1296/803 1094/1283/803
f 1094/1283/802 1106/1296/802 1107/1297/802 1095/1284/802
f 1095/1285/813 1107/1298/813 1108/1299/813 1096/1286/813
f 1096/1286/812 1108/1299/812 1109/1300/812 1097/1287/812
f 1097/1287/811 1109/1300/811 1110/1301/811 1098/1288/811
f 1098/1288/810 1110/1301/810 1111/1302/810 1099/1289/810
f 1099/1289/809 1111/1302/809 1112/1303/809 1100/1290/809
f 1100/1290/808 1112/1303/808 1101/1291/808 1089/1278/808
f 1101/1291/819 1113/1304/819 1114/1305/819 1102/1292/819
f 1102/1292/818 1114/1305/818 1115/1306/818 1103/1293/818
f 1103/1293/817 1115/1306/817 1116/1307/817 1104/1294/817
f 1104/1294/816 1116/1307/816 1117/1308/816 1105/1295/816
f 1105/1295/815 1117/1308/815 1118/1309/815 1106/1296/815
f 1106/1296/814 1118/1309/814 1119/1310/814 1107/1297/814
f 1107/1298/825 1119/1311/825 1120/1312/825 1108/1299/825
f 1108/1299/824 1120/1312/824 1121/1313/824 1109/1300/824
f 1109/1300/823 1121/1313/823 1122/1314/823 1110/1301/823
f 1110/1301/822 1122/1314/822 1123/1315/822 1111/1302/822
f 1111/1302/821 1123/1315/821 1124/1316/821 1112/1303/821
f 1112/1303/820 1124/1316/820 1113/1304/820 1101/1291/820
f 1113/1304/831 1125/1317/831 1126/1318/831 1114/1305/831
f 1114/1305/830 1126/1318/830 1127/1319/830 1115/1306/830
f 1115/1306/829 1127/1319/829 1128/1320/829 1116/1307/829
f 1116/1307/828 1128/1320/828 1129/1321/828 1117/1308/828
f 1117/1308/827 1129/1321/827 1130/1322/827 1118/1309/827
f 1118/1309/826 1130/1322/826 1131/1323/826 1119/1310/826
f 1119/1311/837 1131/1324/837 1132/1325/837 1120/1312/837
f 1120/1312/836 1132/1325/836 1133/1326/836 1121/1313/836
f 1121/1313/835 1133/1326/835 1134/1327/835 1122/1314/835
f 1122/1314/834 1134/1327/834 1135/1328/834 1123/1315/834
f 1123/1315/833 1135/1328/833 1136/1329/833 1124/1316/833
f 1124/1316/832 1136/1329/832 1125/1317/832 1113/1304/832
f 1125/1317/843 1137/1330/843 1138/1331/843 1126/1318/843
f 1126/1318/842 1138/1331/842 1139/1332/842 1127/1319/842
f 1127/1319/841 1139/1332/841 1140/1333/841 1128/1320/841
f 1128/1320/840 1140/1333/840 1141/1334/840 1129/1321/840
f 1129/1321/839 1141/1334/839 1142/1335/839 1130/1322/839
f 1130/1322/838 1142/1335/838 1143/1336/838 1131/1323/838
f 1131/1324/849 1143/1337/849 1144/1338/849 1132/1325/849
f 1132/1325/848 1144/1338/848 1145/1339/848 1133/1326/848
f 1133/1326/847 1145/1339/847 1146/1340/847 1134/1327/847
f 1134/1327/846 1146/1340/846 1147/1341/846 1135/1328/846
f 1135/1328/845 1147/1341/845 1148/1342/845 1136/1329/845
f 1136/1329/844 1148/1342/844 1137/1330/844 1125/1317/844
f 1137/1330/855 1149/1343/855 1150/1344/855 1138/1331/855
f 1138/1331/854 1150/1344/854 1151/1345/854 1139/1332/854
f 1139/1332/853 1151/1345/853 1152/1346/853 1140/1333/853
f 1140/1333/852 1152/1346/852 1153/1347/852 1141/1334/852
f 1141/1334/851 1153/1347/851 1154/1348/851 1142/1335/851
f 1142/1335/850 1154/1348/850 1155/1349/850 1143/1336/850
f 1143/1337/861 1155/1350/861 1156/1351/861 1144/1338/861
f 1144/1338/860 1156/1351/860 1157/1352/860 1145/1339/860
f 1145/1339/859 1157/1352/859 1158/1353/859 1146/1340/859
f 1146/1340/858 1158/1353/858 1159/1354/858 1147/1341/858
f 1147/1341/857 1159/1354/857 1160/1355/857 1148/1342/857
f 1148/1342/856 1160/1355/856 1149/1343/856 1137/1330/856
f 1149/1343/867 1161/1356/867 1162/1357/867 1150/1344/867
f 1150/1344/866 1162/1357/866 1163/1358/866 1151/1345/866
f 1151/1345/865 1163/1358/865 1164/1359/865 1152/1346/865
f 1152/1346/864 1164/1359/864 1165/1360/864 1153/1347/864
f 1153/1347/863 1165/1360/863 1166/1361/863 1154/1348/863
f 1154/1348/862 1166/1361/862 1167/1362/862 1155/1349/862
f 1155/1350/873 1167/1363/873 1168/1364/873 1156/1351/873
f 1156/1351/872 1168/1364/872 1169/1365/872 1157/1352/872
f 1157/1352/871 1169/1365/871 1170/1366/871 1158/1353/871
f 1158/1353/870 1170/1366/870 1171/1367/870 1159/1354/870
f 1159/1354/869 1171/1367/869 1172/1368/869 1160/1355/869
f 1160/1355/868 1172/1368/868 1161/1356/868 1149/1343/868
f 1161/1356/879 1173/1369/879 1174/1370/879 1162/1357/879
f 1162/1357/878 1174/1370/878 1175/1371/878 1163/1358/878
f 1163/1358/877 1175/1371/877 1176/1372/877 1164/1359/877
f 1164/1359/876 1176/1372/876 1177/1373/876 1165/1360/876
f 1165/1360/875 1177/1373/875 1178/1374/875 1166/1361/875
f 1166/1361/874 1178/1374/874 1179/1375/874 1167/1362/874
f 1167/1363/885 1179/1376/885 1180/1377/885 1168/1364/885
f 1168/1364/884 1180/1377/884 1181/1378/884 1169/1365/884
f 1169/1365/883 1181/1378/883 1182/1379/883 1170/1366/883
f 1170/1366/882 1182/1379/882 1183/1380/882 1171/1367/882
f 1171/1367/881 1183/1380/881 1184/1381/881 1172/1368/881
f 1172/1368/880 1184/1381/880 1173/1369/880 1161/1356/880
f 1173/1369/891 1185/1382/891 1186/1383/891 1174/1370/891
f 1174/1370/890 1186/1383/890 1187/1384/890 1175/1371/890
f 1175/1371/889 1187/1384/889 1188/1385/889 1176/1372/889
f 1176/1372/888 1188/1385/888 1189/1386/888 1177/1373/888
f 1177/1373/887 1189/1386/887 1190/1387/887 1178/1374/887
f 1178/1374/886 1190/1387/886 1191/1388/886 1179/1375/886
f 1179/1376/897 1191/1389/897 1192/1390/897 1180/1377/897
f 1180/1377/896 1192/1390/896 1193/1391/896 1181/1378/896
f 1181/1378/895 1193/1391/895 1194/1392/895 1182/1379/895
f 1182/1379/894 1194/1392/894 1195/1393/894 1183/1380/894
f 1183/1380/893 1195/1393/893 1196/1394/893 1184/1381/893
f 1184/1381/892 1196/1394/892 1185/1382/892 1173/1369/892
f 1185/1382/903 1197/1395/903 1198/1396/903 1186/1383/903
f 1186/1383/902 1198/1396/902 1199/1397/902 1187/1384/902
f 1187/1384/901 1199/1397/901 1200/1398/901 1188/1385/901
f 1188/1385/900 1200/1398/900 1201/1399/900 1189/1386/900
f 1189/1386/899 1201/1399/899 1202/1400/899 1190/1387/899
f 1190/1387/898 1202/1400/898 1203/1401/898 1191/1388/898
f 1191/1389/909 1203/1402/909 1204/1403/909 1192/1390/909
f 1192/1390/908 1204/1403/908 1205/1404/908 1193/1391/908
f 1193/1391/907 1205/1404/907 1206/1405/907 1194/1392/907
f 1194/1392/906 1206/1405/906 1207/1406/906 1195/1393/906
f 1195/1393/905 1207/1406/905 1208/1407/905 1196/1394/905
f 1196/1394/904 1208/1407/904 1197/1395/904 1185/1382/904
f 1197/1395/915 633/771/915 634/774/915 1198/1396/915
f 1198/1396/914 634/774/914 635/776/914 1199/1397/914
f 1199/1397/913 635/776/913 636/778/913 1200/1398/913
f 1200/1398/912 636/778/912 637/780/912 1201/1399/912
f 1201/1399/911 637/780/911 638/782/911 1202/1400/911
f 1202/1400/910 638/782/910 639/784/910 1203/1401/910
f 1203/1402/921 639/785/921 640/788/921 1204/1403/921
f 1204/1403/920 640/788/920 641/790/920 1205/1404/920
f 1205/1404/919 641/790/919 642/792/919 1206/1405/919
f 1206/1405/918 642/792/918 643/794/918 1207/1406/918
f 1207/1406/917 643/794/917 644/796/917 1208/1407/917
f 1208/1407/916 644/796/916 633/771/916 1197/1395/916
o Suzanne
v 0.437500 0.164062 0.765625
v -0.437500 0.164062 0.765625
v 0.500000 0.093750 0.687500
v -0.500000 0.093750 0.687500
v 0.546875 0.054688 0.578125
v -0.546875 0.054688 0.578125
v 0.351562 -0.023438 0.617188
v -0.351562 -0.023438 0.617188
v 0.351562 0.031250 0.718750
v -0.351562 0.031250 0.718750
v 0.351562 0.132812 0.781250
v -0.351562 0.132812 0.781250
v 0.273438 0.164062 0.796875
v -0.273438 0.164062 0.796875
v 0.203125 0.093750 0.742188
v -0.203125 0.093750 0.742188
v 0.156250 0.054688 0.648438
v -0.156250 0.054688 0.648438
v 0.078125 0.242188 0.656250
v -0.078125 0.242188 0.656250
v 0.140625 0.242188 0.742188
v -0.140625 0.242188 0.742188
v 0.242188 0.242188 0.796875
v -0.242188 0.242188 0.796875
v 0.273438 0.328125 0.796875
v -0.273438 0.328125 0.796875
v 0.203125 0.390625 0.742188
v -0.203125 0.390625 0.742188
v 0.156250 0.437500 0.648438
v -0.156250 0.437500 0.648438
v 0.351562 0.515625 0.617188
v -0.351562 0.515625 0.617188
v 0.351562 0.453125 0.718750
v -0.351562 0.453125 0.718750
v 0.351562 0.359375 0.781250
v -0.351562 0.359375 0.781250
v 0.437500 0.328125 0.765625
v -0.437500 0.328125 0.765625
v 0.500000 0.390625 0.687500
v -0.500000 0.390625 0.687500
v 0.546875 0.437500 0.578125
v -0.546875 0.437500 0.578125
v 0.625000 0.242188 0.562500
v -0.625000 0.242188 0.562500
v 0.562500 0.242188 0.671875
v -0.562500 0.242188 0.671875
v 0.468750 0.242188 0.757812
v -0.468750 0.242188 0.757812
v 0.476562 0.242188 0.773438
v -0.476562 0.242188 0.773438
v 0.445312 0.335938 0.781250
v -0.445312 0.335938 0.781250
v 0.351562 0.375000 0.804688
v -0.351562 0.375000 0.804688
v 0.265625 0.335938 0.820312
v -0.265625 0.335938 0.820312
v 0.226562 0.242188 0.820312
v -0.226562 0.242188 0.820312
v 0.265625 0.156250 0.820312
v -0.265625 0.156250 0.820312
v 0.351562 0.242188 0.828125
v -0.351562 0.242188 0.828125
v 0.351562 0.117188 0.804688
v -0.351562 0.117188 0.804688
v 0.445312 0.156250 0.781250
v -0.445312 0.156250 0.781250
v 0.000000 0.429688 0.742188
v 0.000000 0.351562 0.820312
v 0.000000 -0.679688 0.734375
v 0.000000 -0.320312 0.781250
v 0.000000 -0.187500 0.796875
v 0.000000 -0.773438 0.718750
v 0.000000 0.406250 0.601562
v 0.000000 0.570312 0.570312
v 0.000000 0.898438 -0.546875
v 0.000000 0.562500 -0.851562
v 0.000000 0.070312 -0.828125
v 0.000000 -0.382812 -0.351562
v 0.203125 -0.187500 0.562500
v -0.203125 -0.187500 0.562500
v 0.312500 -0.437500 0.570312
v -0.312500 -0.437500 0.570312
v 0.351562 -0.695312 0.570312
v -0.351562 -0.695312 0.570312
v 0.367188 -0.890625 0.531250
v -0.367188 -0.890625 0.531250
v 0.328125 -0.945312 0.523438
v -0.328125 -0.945312 0.523438
v 0.179688 -0.968750 0.554688
v -0.179688 -0.968750 0.554688
v 0.000000 -0.984375 0.578125
v 0.437500 -0.140625 0.531250
v -0.437500 -0.140625 0.531250
v 0.632812 -0.039062 0.539062
v -0.632812 -0.039062 0.539062
v 0.828125 0.148438 0.445312
v -0.828125 0.148438 0.445312
v 0.859375 0.429688 0.593750
v -0.859375 0.429688 0.593750
v 0.710938 0.484375 0.625000
v -0.710938 0.484375 0.625000
v 0.492188 0.601562 0.687500
v -0.492188 0.601562 0.687500
v 0.320312 0.757812 0.734375
v -0.320312 0.757812 0.734375
v 0.156250 0.718750 0.757812
v -0.156250 0.718750 0.757812
v 0.062500 0.492188 0.750000
v -0.062500 0.492188 0.750000
v 0.164062 0.414062 0.773438
v -0.164062 0.414062 0.773438
v 0.125000 0.304688 0.765625
v -0.125000 0.304688 0.765625
v 0.203125 0.093750 0.742188
v -0.203125 0.093750 0.742188
v 0.375000 0.015625 0.703125
v -0.375000 0.015625 0.703125
v 0.492188 0.062500 0.671875
v -0.492188 0.062500 0.671875
v 0.625000 0.187500 0.648438
v -0.625000 0.187500 0.648438
v 0.640625 0.296875 0.648438
v -0.640625 0.296875 0.648438
v 0.601562 0.375000 0.664062
v -0.601562 0.375000 0.664062
v 0.429688 0.437500 0.718750
v -0.429688 0.437500 0.718750
v 0.250000 0.468750 0.757812
v -0.250000 0.468750 0.757812
v 0.000000 -0.765625 0.734375
v 0.109375 -0.718750 0.734375
v -0.109375 -0.718750 0.734375
v 0.117188 -0.835938 0.710938
v -0.117188 -0.835938 0.710938
v 0.062500 -0.882812 0.695312
v -0.062500 -0.882812 0.695312
v 0.000000 -0.890625 0.687500
v 0.000000 -0.195312 0.750000
v 0.000000 -0.140625 0.742188
v 0.101562 -0.148438 0.742188
v -0.101562 -0.148438 0.742188
v 0.125000 -0.226562 0.750000
v -0.125000 -0.226562 0.750000
v 0.085938 -0.289062 0.742188
v -0.085938 -0.289062 0.742188
v 0.398438 -0.046875 0.671875
v -0.398438 -0.046875 0.671875
v 0.617188 0.054688 0.625000
v -0.617188 0.054688 0.625000
v 0.726562 0.203125 0.601562
v -0.726562 0.203125 0.601562
v 0.742188 0.375000 0.656250
v -0.742188 0.375000 0.656250
v 0.687500 0.414062 0.726562
v -0.687500 0.414062 0.726562
v 0.437500 0.546875 0.796875
v -0.437500 0.546875 0.796875
v 0.312500 0.640625 0.835938
v -0.312500 0.640625 0.835938
v 0.203125 0.617188 0.851562
v -0.203125 0.617188 0.851562
v 0.101562 0.429688 0.843750
v -0.101562 0.429688 0.843750
v 0.125000 -0.101562 0.812500
v -0.125000 -0.101562 0.812500
v 0.210938 -0.445312 0.710938
v -0.210938 -0.445312 0.710938
v 0.250000 -0.703125 0.687500
v -0.250000 -0.703125 0.687500
v 0.265625 -0.820312 0.664062
v -0.265625 -0.820312 0.664062
v 0.234375 -0.914062 0.632812
v -0.234375 -0.914062 0.632812
v 0.164062 -0.929688 0.632812
v -0.164062 -0.929688 0.632812
v 0.000000 -0.945312 0.640625
v 0.000000 0.046875 0.726562
v 0.000000 0.210938 0.765625
v 0.328125 0.476562 0.742188
v -0.328125 0.476562 0.742188
v 0.164062 0.140625 0.750000
v -0.164062 0.140625 0.750000
v 0.132812 0.210938 0.757812
v -0.132812 0.210938 0.757812
v 0.117188 -0.687500 0.734375
v -0.117188 -0.687500 0.734375
v 0.078125 -0.445312 0.750000
v -0.078125 -0.445312 0.750000
v 0.000000 -0.445312 0.750000
v 0.000000 -0.328125 0.742188
v 0.093750 -0.273438 0.781250
v -0.093750 -0.273438 0.781250
v 0.132812 -0.226562 0.796875
v -0.132812 -0.226562 0.796875
v 0.109375 -0.132812 0.781250
v -0.109375 -0.132812 0.781250
v 0.039062 -0.125000 0.781250
v -0.039062 -0.125000 0.781250
v 0.000000 -0.203125 0.828125
v 0.046875 -0.148438 0.812500
v -0.046875 -0.148438 0.812500
v 0.093750 -0.156250 0.812500
v -0.093750 -0.156250 0.812500
v 0.109375 -0.226562 0.828125
v -0.109375 -0.226562 0.828125
v 0.078125 -0.250000 0.804688
v -0.078125 -0.250000 0.804688
v 0.000000 -0.289062 0.804688
v 0.257812 -0.312500 0.554688
v -0.257812 -0.312500 0.554688
v 0.164062 -0.242188 0.710938
v -0.164062 -0.242188 0.710938
v 0.179688 -0.312500 0.710938
v -0.179688 -0.312500 0.710938
v 0.234375 -0.250000 0.554688
v -0.234375 -0.250000 0.554688
v 0.000000 -0.875000 0.687500
v 0.046875 -0.867188 0.687500
v -0.046875 -0.867188 0.687500
v 0.093750 -0.820312 0.710938
v -0.093750 -0.820312 0.710938
v 0.093750 -0.742188 0.726562
v -0.093750 -0.742188 0.726562
v 0.000000 -0.781250 0.656250
v 0.093750 -0.750000 0.664062
v -0.093750 -0.750000 0.664062
v 0.093750 -0.812500 0.640625
v -0.093750 -0.812500 0.640625
v 0.046875 -0.851562 0.632812
v -0.046875 -0.851562 0.632812
v 0.000000 -0.859375 0.632812
v 0.171875 0.218750 0.781250
v -0.171875 0.218750 0.781250
v 0.187500 0.156250 0.773438
v -0.187500 0.156250 0.773438
v 0.335938 0.429688 0.757812
v -0.335938 0.429688 0.757812
v 0.273438 0.421875 0.773438
v -0.273438 0.421875 0.773438
v 0.421875 0.398438 0.773438
v -0.421875 0.398438 0.773438
v 0.562500 0.351562 0.695312
v -0.562500 0.351562 0.695312
v 0.585938 0.289062 0.687500
v -0.585938 0.289062 0.687500
v 0.578125 0.195312 0.679688
v -0.578125 0.195312 0.679688
v 0.476562 0.101562 0.718750
v -0.476562 0.101562 0.718750
v 0.375000 0.062500 0.742188
v -0.375000 0.062500 0.742188
v 0.226562 0.109375 0.781250
v -0.226562 0.109375 0.781250
v 0.179688 0.296875 0.781250
v -0.179688 0.296875 0.781250
v 0.210938 0.375000 0.781250
v -0.210938 0.375000 0.781250
v 0.234375 0.359375 0.757812
v -0.234375 0.359375 0.757812
v 0.195312 0.296875 0.757812
v -0.195312 0.296875 0.757812
v 0.242188 0.125000 0.757812
v -0.242188 0.125000 0.757812
v 0.375000 0.085938 0.726562
v -0.375000 0.085938 0.726562
v 0.460938 0.117188 0.703125
v -0.460938 0.117188 0.703125
v 0.546875 0.210938 0.671875
v -0.546875 0.210938 0.671875
v 0.554688 0.281250 0.671875
v -0.554688 0.281250 0.671875
v 0.531250 0.335938 0.679688
v -0.531250 0.335938 0.679688
v 0.414062 0.390625 0.750000
v -0.414062 0.390625 0.750000
v 0.281250 0.398438 0.765625
v -0.281250 0.398438 0.765625
v 0.335938 0.406250 0.750000
v -0.335938 0.406250 0.750000
v 0.203125 0.171875 0.750000
v -0.203125 0.171875 0.750000
v 0.195312 0.226562 0.750000
v -0.195312 0.226562 0.750000
v 0.109375 0.460938 0.609375
v -0.109375 0.460938 0.609375
v 0.195312 0.664062 0.617188
v -0.195312 0.664062 0.617188
v 0.335938 0.687500 0.593750
v -0.335938 0.687500 0.593750
v 0.484375 0.554688 0.554688
v -0.484375 0.554688 0.554688
v 0.679688 0.453125 0.492188
v -0.679688 0.453125 0.492188
v 0.796875 0.406250 0.460938
v -0.796875 0.406250 0.460938
v 0.773438 0.164062 0.375000
v -0.773438 0.164062 0.375000
v 0.601562 0.000000 0.414062
v -0.601562 0.000000 0.414062
v 0.437500 -0.093750 0.468750
v -0.437500 -0.093750 0.468750
v 0.000000 0.898438 0.289062
v 0.000000 0.984375 -0.078125
v 0.000000 -0.195312 -0.671875
v 0.000000 -0.460938 0.187500
v 0.000000 -0.976562 0.460938
v 0.000000 -0.804688 0.343750
v 0.000000 -0.570312 0.320312
v 0.000000 -0.484375 0.281250
v 0.851562 0.234375 0.054688
v -0.851562 0.234375 0.054688
v 0.859375 0.320312 -0.046875
v -0.859375 0.320312 -0.046875
v 0.773438 0.265625 -0.437500
v -0.773438 0.265625 -0.437500
v 0.460938 0.437500 -0.703125
v -0.460938 0.437500 -0.703125
v 0.734375 -0.046875 0.070312
v -0.734375 -0.046875 0.070312
v 0.593750 -0.125000 -0.164062
v -0.593750 -0.125000 -0.164062
v 0.640625 -0.007812 -0.429688
v -0.640625 -0.007812 -0.429688
v 0.335938 0.054688 -0.664062
v -0.335938 0.054688 -0.664062
v 0.234375 -0.351562 0.406250
v -0.234375 -0.351562 0.406250
v 0.179688 -0.414062 0.257812
v -0.179688 -0.414062 0.257812
v 0.289062 -0.710938 0.382812
v -0.289062 -0.710938 0.382812
v 0.250000 -0.500000 0.390625
v -0.250000 -0.500000 0.390625
v 0.328125 -0.914062 0.398438
v -0.328125 -0.914062 0.398438
v 0.140625 -0.757812 0.367188
v -0.140625 -0.757812 0.367188
v 0.125000 -0.539062 0.359375
v -0.125000 -0.539062 0.359375
v 0.164062 -0.945312 0.437500
v -0.164062 -0.945312 0.437500
v 0.218750 -0.281250 0.429688
v -0.218750 -0.281250 0.429688
v 0.210938 -0.226562 0.468750
v -0.210938 -0.226562 0.468750
v 0.203125 -0.171875 0.500000
v -0.203125 -0.171875 0.500000
v 0.210938 -0.390625 0.164062
v -0.210938 -0.390625 0.164062
v 0.296875 -0.312500 -0.265625
v -0.296875 -0.312500 -0.265625
v 0.343750 -0.148438 -0.539062
v -0.343750 -0.148438 -0.539062
v 0.453125 0.867188 -0.382812
v -0.453125 0.867188 -0.382812
v 0.453125 0.929688 -0.070312
v -0.453125 0.929688 -0.070312
v 0.453125 0.851562 0.234375
v -0.453125 0.851562 0.234375
v 0.460938 0.523438 0.429688
v -0.460938 0.523438 0.429688
v 0.726562 0.406250 0.335938
v -0.726562 0.406250 0.335938
v 0.632812 0.453125 0.281250
v -0.632812 0.453125 0.281250
v 0.640625 0.703125 0.054688
v -0.640625 0.703125 0.054688
v 0.796875 0.562500 0.125000
v -0.796875 0.562500 0.125000
v 0.796875 0.617188 -0.117188
v -0.796875 0.617188 -0.117188
v 0.640625 0.750000 -0.195312
v -0.640625 0.750000 -0.195312
v 0.640625 0.679688 -0.445312
v -0.640625 0.679688 -0.445312
v 0.796875 0.539062 -0.359375
v -0.796875 0.539062 -0.359375
v 0.617188 0.328125 -0.585938
v -0.617188 0.328125 -0.585938
v 0.484375 0.023438 -0.546875
v -0.484375 0.023438 -0.546875
v 0.820312 0.328125 -0.203125
v -0.820312 0.328125 -0.203125
v 0.406250 -0.171875 0.148438
v -0.406250 -0.171875 0.148438
v 0.429688 -0.195312 -0.210938
v -0.429688 -0.195312 -0.210938
v 0.890625 0.406250 -0.234375
v -0.890625 0.406250 -0.234375
v 0.773438 -0.140625 -0.125000
v -0.773438 -0.140625 -0.125000
v 1.039062 -0.101562 -0.328125
v -1.039062 -0.101562 -0.328125
v 1.281250 0.054688 -0.429688
v -1.281250 0.054688 -0.429688
v 1.351562 0.320312 -0.421875
v -1.351562 0.320312 -0.421875
v 1.234375 0.507812 -0.421875
v -1.234375 0.507812 -0.421875
v 1.023438 0.476562 -0.312500
v -1.023438 0.476562 -0.312500
v 1.015625 0.414062 -0.289062
v -1.015625 0.414062 -0.289062
v 1.187500 0.437500 -0.390625
v -1.187500 0.437500 -0.390625
v 1.265625 0.289062 -0.406250
v -1.265625 0.289062 -0.406250
v 1.210938 0.078125 -0.406250
v -1.210938 0.078125 -0.406250
v 1.031250 -0.039062 -0.304688
v -1.031250 -0.039062 -0.304688
v 0.828125 -0.070312 -0.132812
v -0.828125 -0.070312 -0.132812
v 0.921875 0.359375 -0.218750
v -0.921875 0.359375 -0.218750
v 0.945312 0.304688 -0.289062
v -0.945312 0.304688 -0.289062
v 0.882812 -0.023438 -0.210938
v -0.882812 -0.023438 -0.210938
v 1.039062 0.000000 -0.367188
v -1.039062 0.000000 -0.367188
v 1.187500 0.093750 -0.445312
v -1.187500 0.093750 -0.445312
v 1.234375 0.250000 -0.445312
v -1.234375 0.250000 -0.445312
v 1.171875 0.359375 -0.437500
v -1.171875 0.359375 -0.437500
v 1.023438 0.343750 -0.359375
v -1.023438 0.343750 -0.359375
v 0.843750 0.289062 -0.210938
v -0.843750 0.289062 -0.210938
v 0.835938 0.171875 -0.273438
v -0.835938 0.171875 -0.273438
v 0.757812 0.093750 -0.273438
v -0.757812 0.093750 -0.273438
v 0.820312 0.085938 -0.273438
v -0.820312 0.085938 -0.273438
v 0.843750 0.015625 -0.273438
v -0.843750 0.015625 -0.273438
v 0.812500 -0.015625 -0.273438
v -0.812500 -0.015625 -0.273438
v 0.726562 0.000000 -0.070312
v -0.726562 0.000000 -0.070312
v 0.718750 -0.023438 -0.171875
v -0.718750 -0.023438 -0.171875
v 0.718750 0.039062 -0.187500
v -0.718750 0.039062 -0.187500
v 0.796875 0.203125 -0.210938
v -0.796875 0.203125 -0.210938
v 0.890625 0.242188 -0.265625
v -0.890625 0.242188 -0.265625
v 0.890625 0.234375 -0.320312
v -0.890625 0.234375 -0.320312
v 0.812500 -0.015625 -0.320312
v -0.812500 -0.015625 -0.320312
v 0.851562 0.015625 -0.320312
v -0.851562 0.015625 -0.320312
v 0.828125 0.078125 -0.320312
v -0.828125 0.078125 -0.320312
v 0.765625 0.093750 -0.320312
v -0.765625 0.093750 -0.320312
v 0.843750 0.171875 -0.320312
v -0.843750 0.171875 -0.320312
v 1.039062 0.328125 -0.414062
v -1.039062 0.328125 -0.414062
v 1.187500 0.343750 -0.484375
v -1.187500 0.343750 -0.484375
v 1.257812 0.242188 -0.492188
v -1.257812 0.242188 -0.492188
v 1.210938 0.085938 -0.484375
v -1.210938 0.085938 -0.484375
v 1.046875 0.000000 -0.421875
v -1.046875 0.000000 -0.421875
v 0.882812 -0.015625 -0.265625
v -0.882812 -0.015625 -0.265625
v 0.953125 0.289062 -0.343750
v -0.953125 0.289062 -0.343750
v 0.890625 0.109375 -0.328125
v -0.890625 0.109375 -0.328125
v 0.937500 0.062500 -0.335938
v -0.937500 0.062500 -0.335938
v 1.000000 0.125000 -0.367188
v -1.000000 0.125000 -0.367188
v 0.960938 0.171875 -0.351562
v -0.960938 0.171875 -0.351562
v 1.015625 0.234375 -0.375000
v -1.015625 0.234375 -0.375000
v 1.054688 0.187500 -0.382812
v -1.054688 0.187500 -0.382812
v 1.109375 0.210938 -0.390625
v -1.109375 0.210938 -0.390625
v 1.085938 0.273438 -0.390625
v -1.085938 0.273438 -0.390625
v 1.023438 0.437500 -0.484375
v -1.023438 0.437500 -0.484375
v 1.250000 0.468750 -0.546875
v -1.250000 0.468750 -0.546875
v 1.367188 0.296875 -0.500000
v -1.367188 0.296875 -0.500000
v 1.312500 0.054688 -0.531250
v -1.312500 0.054688 -0.531250
v 1.039062 -0.085938 -0.492188
v -1.039062 -0.085938 -0.492188
v 0.789062 -0.125000 -0.328125
v -0.789062 -0.125000 -0.328125
v 0.859375 0.382812 -0.382812
v -0.859375 0.382812 -0.382812
vn 0.6650 -0.2008 0.7194
vn -0.6650 -0.2008 0.7194
vn 0.8294 -0.3036 0.4689
vn -0.8294 -0.3036 0.4689
vn 0.4155 -0.7933 0.4449
vn -0.4155 -0.7933 0.4449
vn 0.3600 -0.5089 0.7820
vn -0.3600 -0.5089 0.7820
vn -0.0787 -0.5394 0.8384
vn 0.0787 -0.5394 0.8384
vn -0.2696 -0.8413 0.4685
vn 0.2696 -0.8413 0.4685
vn -0.7707 -0.3352 0.5420
vn 0.7707 -0.3352 0.5420
vn -0.4689 -0.1940 0.8617
vn 0.4689 -0.1940 0.8617
vn -0.4767 0.1907 0.8581
vn 0.4767 0.1907 0.8581
vn -0.7672 0.3264 0.5521
vn 0.7672 0.3264 0.5521
vn -0.2519 0.8173 0.5182
vn 0.2519 0.8173 0.5182
vn -0.0949 0.5696 0.8164
vn 0.0949 0.5696 0.8164
vn 0.3667 0.5370 0.7597
vn -0.3667 0.5370 0.7597
vn 0.4141 0.7672 0.4898
vn -0.4141 0.7672 0.4898
vn 0.8277 0.2952 0.4771
vn -0.8277 0.2952 0.4771
vn 0.6713 0.1971 0.7145
vn -0.6713 0.1971 0.7145
vn 0.8111 0.3244 -0.4867
vn -0.8111 0.3244 -0.4867
vn 0.2052 0.8206 -0.5334
vn -0.2052 0.8206 -0.5334
vn -0.4223 0.7806 -0.4607
vn 0.4223 0.7806 -0.4607
vn -0.8241 0.3225 -0.4658
vn 0.8241 0.3225 -0.4658
vn -0.8137 -0.3487 -0.4650
vn 0.8137 -0.3487 -0.4650
vn -0.4223 -0.7806 -0.4607
vn 0.4223 -0.7806 -0.4607
vn 0.2052 -0.8206 -0.5334
vn -0.2052 -0.8206 -0.5334
vn 0.7995 -0.3510 -0.4875
vn -0.7995 -0.3510 -0.4875
vn 0.4000 -0.0623 0.9144
vn -0.4000 -0.0623 0.9144
vn 0.3069 -0.1754 0.9354
vn -0.3069 -0.1754 0.9354
vn 0.0945 -0.1835 0.9785
vn -0.0945 -0.1835 0.9785
vn -0.0624 -0.0283 0.9977
vn 0.0624 -0.0283 0.9977
vn -0.0624 0.0260 0.9977
vn 0.0624 0.0260 0.9977
vn 0.0996 0.1729 0.9799
vn -0.0996 0.1729 0.9799
vn 0.3036 0.1656 0.9383
vn -0.3036 0.1656 0.9383
vn 0.4002 0.0572 0.9147
vn -0.4002 0.0572 0.9147
vn 0.1231 -0.8616 0.4924
vn -0.1231 -0.8616 0.4924
vn 0.2190 -0.8647 0.4520
vn -0.2190 -0.8647 0.4520
vn 0.5902 -0.4550 0.6668
vn -0.5902 -0.4550 0.6668
vn 0.7689 -0.0506 0.6374
vn -0.7689 -0.0506 0.6374
vn 0.7796 0.0900 0.6197
vn -0.7796 0.0900 0.6197
vn 0.3241 -0.8188 0.4739
vn -0.3241 -0.8188 0.4739
vn 0.3857 -0.6629 0.6417
vn -0.3857 -0.6629 0.6417
vn 0.6895 -0.4193 0.5906
vn -0.6895 -0.4193 0.5906
vn 0.6588 -0.3634 0.6588
vn -0.6588 -0.3634 0.6588
vn 0.5465 0.3707 0.7509
vn -0.5465 0.3707 0.7509
vn 0.5064 0.6464 0.5706
vn -0.5064 0.6464 0.5706
vn 0.6092 0.5167 0.6015
vn -0.6092 0.5167 0.6015
vn -0.0441 0.6610 0.7491
vn 0.0441 0.6610 0.7491
vn -0.7246 0.3187 0.6110
vn 0.7246 0.3187 0.6110
vn -0.5880 0.5554 0.5880
vn 0.5880 0.5554 0.5880
vn 0.5361 -0.3909 0.7482
vn -0.5361 -0.3909 0.7482
vn 0.2207 -0.4690 0.8552
vn -0.2207 -0.4690 0.8552
vn -0.0794 -0.5321 0.8429
vn 0.0794 -0.5321 0.8429
vn -0.0825 -0.6575 0.7490
vn 0.0825 -0.6575 0.7490
vn 0.0457 -0.5667 0.8226
vn -0.0457 -0.5667 0.8226
vn 0.2784 -0.2130 0.9365
vn -0.2784 -0.2130 0.9365
vn 0.3813 -0.1824 0.9063
vn -0.3813 -0.1824 0.9063
vn 0.3357 -0.2878 0.8969
vn -0.3357 -0.2878 0.8969
vn 0.3762 0.0603 0.9246
vn -0.3762 0.0603 0.9246
vn -0.1352 0.2680 0.9539
vn 0.1352 0.2680 0.9539
vn 0.3961 -0.4321 0.8102
vn -0.3961 -0.4321 0.8102
vn 0.1856 -0.2474 0.9510
vn -0.1856 -0.2474 0.9510
vn 0.0099 -0.1948 0.9808
vn -0.0099 -0.1948 0.9808
vn 0.0721 -0.6966 0.7138
vn -0.0721 -0.6966 0.7138
vn 0.1863 -0.5723 0.7986
vn -0.1863 -0.5723 0.7986
vn 0.3157 -0.2708 0.9094
vn -0.3157 -0.2708 0.9094
vn 0.3063 -0.0265 0.9516
vn -0.3063 -0.0265 0.9516
vn 0.3266 -0.1306 0.9361
vn -0.3266 -0.1306 0.9361
vn -0.0137 0.0574 0.9983
vn 0.0137 0.0574 0.9983
vn -0.0026 -0.0656 0.9978
vn 0.0026 -0.0656 0.9978
vn -0.0000 -0.0000 1.0000
vn 0.8174 -0.5744 -0.0442
vn -0.8174 -0.5744 -0.0442
vn 0.9494 0.2297 -0.2144
vn -0.9494 0.2297 -0.2144
vn 0.0825 0.9073 -0.4124
vn -0.0825 0.9073 -0.4124
vn -0.8836 0.3555 0.3047
vn 0.8836 0.3555 0.3047
vn 0.4207 -0.8797 0.2218
vn -0.4207 -0.8797 0.2218
vn 0.2873 -0.5747 0.7663
vn -0.2873 -0.5747 0.7663
vn -0.6542 0.6019 0.4580
vn 0.6542 0.6019 0.4580
vn 0.1052 0.7892 0.6051
vn -0.1052 0.7892 0.6051
vn 0.7582 0.2916 0.5832
vn -0.7582 0.2916 0.5832
vn 0.3889 -0.7130 0.5834
vn -0.3889 -0.7130 0.5834
vn 0.0463 0.2314 0.9718
vn -0.0463 0.2314 0.9718
vn 0.0335 -0.4018 0.9151
vn -0.0335 -0.4018 0.9151
vn -0.4452 -0.1610 0.8809
vn 0.4452 -0.1610 0.8809
vn -0.2182 -0.4364 0.8729
vn 0.2182 -0.4364 0.8729
vn 0.4341 -0.1290 0.8916
vn -0.4341 -0.1290 0.8916
vn 0.3008 0.0501 0.9524
vn -0.3008 0.0501 0.9524
vn 0.8123 0.3010 0.4996
vn -0.8123 0.3010 0.4996
vn 0.8753 0.2574 0.4093
vn -0.8753 0.2574 0.4093
vn 0.9385 0.1601 0.3060
vn -0.9385 0.1601 0.3060
vn 0.2237 -0.6539 0.7227
vn -0.2237 -0.6539 0.7227
vn -0.1536 -0.1997 0.9677
vn 0.1536 -0.1997 0.9677
vn -0.2733 -0.1025 0.9565
vn 0.2733 -0.1025 0.9565
vn -0.0976 0.1952 0.9759
vn 0.0976 0.1952 0.9759
vn -0.1582 0.9494 0.2713
vn 0.1582 0.9494 0.2713
vn -0.6934 0.7082 0.1328
vn 0.6934 0.7082 0.1328
vn -1.0000 -0.0000 -0.0000
vn 1.0000 -0.0000 -0.0000
vn 0.3051 -0.9450 0.1181
vn -0.3051 -0.9450 0.1181
vn 0.0298 -0.2981 0.9541
vn -0.0298 -0.2981 0.9541
vn 0.1353 -0.3479 0.9277
vn -0.1353 -0.3479 0.9277
vn -0.5085 -0.2755 0.8158
vn 0.5085 -0.2755 0.8158
vn -0.3843 -0.0419 0.9223
vn 0.3843 -0.0419 0.9223
vn -0.2083 0.0374 0.9774
vn 0.2083 0.0374 0.9774
vn -0.5721 -0.4767 0.6674
vn 0.5721 -0.4767 0.6674
vn -0.1369 -0.7531 0.6435
vn 0.1369 -0.7531 0.6435
vn 0.4088 -0.6071 0.6814
vn -0.4088 -0.6071 0.6814
vn 0.5740 -0.4130 0.7070
vn -0.5740 -0.4130 0.7070
vn 0.5665 -0.0968 0.8183
vn -0.5665 -0.0968 0.8183
vn 0.5703 0.1180 0.8129
vn -0.5703 0.1180 0.8129
vn 0.4823 0.5621 0.6719
vn -0.4823 0.5621 0.6719
vn 0.2604 0.6114 0.7473
vn -0.2604 0.6114 0.7473
vn 0.1640 0.3607 0.9182
vn -0.1640 0.3607 0.9182
vn -0.0178 0.2495 0.9682
vn 0.0178 0.2495 0.9682
vn 0.3273 -0.4166 0.8481
vn -0.3273 -0.4166 0.8481
vn 0.2811 -0.2610 0.9235
vn -0.2811 -0.2610 0.9235
vn -0.2542 -0.6514 0.7149
vn 0.2542 -0.6514 0.7149
vn -0.0260 -0.8455 0.5333
vn 0.0260 -0.8455 0.5333
vn -0.3518 -0.2606 0.8991
vn 0.3518 -0.2606 0.8991
vn -0.3523 -0.0110 0.9358
vn 0.3523 -0.0110 0.9358
vn -0.1317 0.4608 0.8777
vn 0.1317 0.4608 0.8777
vn -0.0342 0.6159 0.7870
vn 0.0342 0.6159 0.7870
vn 0.3603 0.5836 0.7277
vn -0.3603 0.5836 0.7277
vn 0.4988 0.5300 0.6858
vn -0.4988 0.5300 0.6858
vn 0.6667 -0.3333 0.6667
vn -0.6667 -0.3333 0.6667
vn 0.8165 -0.0731 0.5727
vn -0.8165 -0.0731 0.5727
vn 0.7840 0.1161 0.6098
vn -0.7840 0.1161 0.6098
vn -0.5306 0.8111 -0.2461
vn 0.5306 0.8111 -0.2461
vn -0.8511 0.3695 -0.3730
vn 0.8511 0.3695 -0.3730
vn -0.2446 0.8675 -0.4331
vn 0.2446 0.8675 -0.4331
vn 0.5924 0.7465 -0.3030
vn -0.5924 0.7465 -0.3030
vn 0.3685 0.8758 -0.3118
vn -0.3685 0.8758 -0.3118
vn 0.2821 0.9151 -0.2880
vn -0.2821 0.9151 -0.2880
vn 0.8561 0.1340 -0.4991
vn -0.8561 0.1340 -0.4991
vn 0.5342 -0.7233 -0.4376
vn -0.5342 -0.7233 -0.4376
vn 0.3849 -0.8131 -0.4368
vn -0.3849 -0.8131 -0.4368
vn 0.2335 -0.5806 -0.7800
vn -0.2335 -0.5806 -0.7800
vn 0.2449 -0.0583 -0.9678
vn -0.2449 -0.0583 -0.9678
vn 0.1163 -0.4535 -0.8837
vn -0.1163 -0.4535 -0.8837
vn 0.1152 -0.9836 -0.1388
vn -0.1152 -0.9836 -0.1388
vn 0.1184 -0.9669 -0.2260
vn -0.1184 -0.9669 -0.2260
vn 0.9597 -0.0085 -0.2808
vn -0.9597 -0.0085 -0.2808
vn 0.9319 0.1629 -0.3242
vn -0.9319 0.1629 -0.3242
vn 0.1626 0.0207 -0.9865
vn -0.1626 0.0207 -0.9865
vn -0.0188 -0.2177 -0.9758
vn 0.0188 -0.2177 -0.9758
vn 0.7538 -0.2926 -0.5884
vn -0.7538 -0.2926 -0.5884
vn 0.9196 0.1379 -0.3678
vn -0.9196 0.1379 -0.3678
vn 0.9297 0.3127 -0.1944
vn -0.9297 0.3127 -0.1944
vn 0.9120 0.3376 -0.2329
vn -0.9120 0.3376 -0.2329
vn 0.9407 0.3338 -0.0607
vn -0.9407 0.3338 -0.0607
vn 0.1761 -0.8805 -0.4402
vn -0.1761 -0.8805 -0.4402
vn 0.3708 -0.4733 -0.7991
vn -0.3708 -0.4733 -0.7991
vn 0.3107 -0.8284 -0.4660
vn -0.3107 -0.8284 -0.4660
vn 0.2793 -0.9515 -0.1287
vn -0.2793 -0.9515 -0.1287
vn 0.3139 -0.9321 -0.1807
vn -0.3139 -0.9321 -0.1807
vn 0.9762 -0.2083 -0.0609
vn -0.9762 -0.2083 -0.0609
vn 0.8267 -0.5066 0.2447
vn -0.8267 -0.5066 0.2447
vn 0.3449 -0.1158 -0.9315
vn -0.3449 -0.1158 -0.9315
vn 0.1203 0.9644 0.2355
vn -0.1203 0.9644 0.2355
vn 0.1275 0.9744 -0.1851
vn -0.1275 0.9744 -0.1851
vn 0.3492 0.5947 -0.7241
vn -0.3492 0.5947 -0.7241
vn 0.4153 0.8981 -0.1449
vn -0.4153 0.8981 -0.1449
vn 0.1845 0.7036 0.6863
vn -0.1845 0.7036 0.6863
vn 0.6056 0.7794 0.1608
vn -0.6056 0.7794 0.1608
vn 0.7033 0.6806 -0.2053
vn -0.7033 0.6806 -0.2053
vn 0.6679 0.2007 -0.7166
vn -0.6679 0.2007 -0.7166
vn 0.4948 0.4342 -0.7528
vn -0.4948 0.4342 -0.7528
vn 0.6423 0.7459 -0.1761
vn -0.6423 0.7459 -0.1761
vn 0.7182 0.6788 0.1530
vn -0.7182 0.6788 0.1530
vn 0.7388 0.3972 0.5444
vn -0.7388 0.3972 0.5444
vn 0.3428 0.9261 -0.1579
vn -0.3428 0.9261 -0.1579
vn 0.2270 0.5740 0.7867
vn -0.2270 0.5740 0.7867
vn -0.1722 0.1046 -0.9795
vn 0.1722 0.1046 -0.9795
vn 0.0425 0.9150 0.4013
vn -0.0425 0.9150 0.4013
vn -0.1616 0.1847 0.9694
vn 0.1616 0.1847 0.9694
vn 0.9791 0.1973 0.0483
vn -0.9791 0.1973 0.0483
vn 0.9470 0.0918 0.3079
vn -0.9470 0.0918 0.3079
vn 0.9794 0.1905 -0.0661
vn -0.9794 0.1905 -0.0661
vn 0.9938 0.0312 -0.1070
vn -0.9938 0.0312 -0.1070
vn 0.7116 -0.7008 0.0501
vn -0.7116 -0.7008 0.0501
vn 0.3722 -0.9243 0.0847
vn -0.3722 -0.9243 0.0847
vn 0.4465 -0.8644 0.2310
vn -0.4465 -0.8644 0.2310
vn 0.6066 -0.7578 0.2405
vn -0.6066 -0.7578 0.2405
vn 0.7325 -0.6368 0.2407
vn -0.7325 -0.6368 0.2407
vn 0.2637 -0.4499 0.8533
vn -0.2637 -0.4499 0.8533
vn 0.5568 -0.3181 -0.7673
vn -0.5568 -0.3181 -0.7673
vn 0.5004 -0.2807 -0.8190
vn -0.5004 -0.2807 -0.8190
vn 0.3190 -0.8494 -0.4205
vn -0.3190 -0.8494 -0.4205
vn 0.7198 -0.6356 -0.2793
vn -0.7198 -0.6356 -0.2793
vn 0.4972 -0.4408 -0.7473
vn -0.4972 -0.4408 -0.7473
vn 0.3506 0.3807 0.8557
vn -0.3506 0.3807 0.8557
vn 0.4566 0.1715 0.8730
vn -0.4566 0.1715 0.8730
vn 0.2583 0.1055 0.9603
vn -0.2583 0.1055 0.9603
vn 0.2455 -0.0802 0.9661
vn -0.2455 -0.0802 0.9661
vn 0.4643 -0.0599 0.8837
vn -0.4643 -0.0599 0.8837
vn 0.6225 -0.3045 0.7210
vn -0.6225 -0.3045 0.7210
vn 0.4500 0.6590 0.6027
vn -0.4500 0.6590 0.6027
vn -0.2667 0.8309 0.4884
vn 0.2667 0.8309 0.4884
vn -0.8284 0.2291 0.5111
vn 0.8284 0.2291 0.5111
vn -0.5251 -0.3566 0.7727
vn 0.5251 -0.3566 0.7727
vn 0.4546 -0.5665 0.6873
vn -0.4546 -0.5665 0.6873
vn 0.6996 -0.4497 0.5552
vn -0.6996 -0.4497 0.5552
vn 0.7220 -0.6827 -0.1126
vn -0.7220 -0.6827 -0.1126
vn -0.1919 0.2860 0.9388
vn 0.1919 0.2860 0.9388
vn 0.9048 -0.3734 -0.2047
vn -0.9048 -0.3734 -0.2047
vn 0.1034 0.1551 0.9825
vn -0.1034 0.1551 0.9825
vn 0.0841 0.9318 0.3530
vn -0.0841 0.9318 0.3530
vn 0.6446 -0.0883 0.7594
vn -0.6446 -0.0883 0.7594
vn 0.4309 0.4740 0.7678
vn -0.4309 0.4740 0.7678
vn 0.8032 -0.4847 0.3462
vn -0.8032 -0.4847 0.3462
vn 0.5811 -0.4128 0.7014
vn -0.5811 -0.4128 0.7014
vn 0.5910 -0.4305 0.6822
vn -0.5910 -0.4305 0.6822
vn 0.9818 -0.1804 -0.0591
vn -0.9818 -0.1804 -0.0591
vn 0.9105 -0.3965 -0.1175
vn -0.9105 -0.3965 -0.1175
vn 0.9972 -0.0181 -0.0725
vn -0.9972 -0.0181 -0.0725
vn 0.7313 -0.6543 0.1925
vn -0.7313 -0.6543 0.1925
vn 0.7867 -0.6079 0.1073
vn -0.7867 -0.6079 0.1073
vn 0.7022 -0.7022 0.1170
vn -0.7022 -0.7022 0.1170
vn 0.1840 0.9816 -0.0511
vn -0.1840 0.9816 -0.0511
vn 0.9352 0.3301 0.1284
vn -0.9352 0.3301 0.1284
vn 0.6633 -0.7463 0.0553
vn -0.6633 -0.7463 0.0553
vn -0.0085 0.9970 0.0767
vn 0.0085 0.9970 0.0767
vn 0.6237 -0.7061 0.3354
vn -0.6237 -0.7061 0.3354
vn 0.2733 -0.8925 0.3587
vn -0.2733 -0.8925 0.3587
vn -0.8328 -0.5080 -0.2200
vn 0.8328 -0.5080 -0.2200
vn -0.8339 0.2377 -0.4981
vn 0.8339 0.2377 -0.4981
vn -0.5655 0.7847 -0.2539
vn 0.5655 0.7847 -0.2539
vn -0.0560 0.9962 0.0672
vn 0.0560 0.9962 0.0672
vn 0.1445 0.0222 0.9893
vn -0.1445 0.0222 0.9893
vn 0.3275 0.0645 0.9427
vn -0.3275 0.0645 0.9427
vn 0.3127 0.0232 0.9496
vn -0.3127 0.0232 0.9496
vn 0.1710 0.0274 0.9849
vn -0.1710 0.0274 0.9849
vn 0.3487 0.2849 0.8929
vn -0.3487 0.2849 0.8929
vn 0.4006 -0.0343 0.9156
vn -0.4006 -0.0343 0.9156
vn 0.2572 -0.0603 0.9645
vn -0.2572 -0.0603 0.9645
vn 0.0637 -0.0106 0.9979
vn -0.0637 -0.0106 0.9979
vn -0.3637 0.7039 0.6101
vn 0.3637 0.7039 0.6101
vn 0.6299 0.0355 0.7759
vn -0.6299 0.0355 0.7759
vn 0.4472 -0.2002 0.8717
vn -0.4472 -0.2002 0.8717
vn 0.5072 -0.2141 0.8348
vn -0.5072 -0.2141 0.8348
vn 0.5258 0.2619 0.8093
vn -0.5258 0.2619 0.8093
vn 0.2980 0.5802 0.7580
vn -0.2980 0.5802 0.7580
vn 0.0930 -0.9924 -0.0805
vn -0.0930 -0.9924 -0.0805
vn 0.5006 -0.8657 0.0080
vn -0.5006 -0.8657 0.0080
vn 0.9285 -0.2497 0.2748
vn -0.9285 -0.2497 0.2748
vn 0.8393 0.5424 -0.0378
vn -0.8393 0.5424 -0.0378
vn -0.2355 0.9367 -0.2589
vn 0.2355 0.9367 -0.2589
vn -0.4499 0.8838 -0.1285
vn 0.4499 0.8838 -0.1285
vn -0.5384 -0.0098 -0.8427
vn 0.5384 -0.0098 -0.8427
vn -0.1910 -0.0241 -0.9813
vn 0.1910 -0.0241 -0.9813
vn 0.4046 0.0266 -0.9141
vn -0.4046 0.0266 -0.9141
vn -0.7819 0.6231 0.0197
vn 0.7819 0.6231 0.0197
vn 0.5428 -0.2063 -0.8142
vn -0.5428 -0.2063 -0.8142
vn -0.2474 -0.9231 -0.2945
vn 0.2474 -0.9231 -0.2945
vt 0.843250 0.588863
vt 0.833697 0.611927
vt 0.794218 0.611927
vt 0.815334 0.560948
vt 0.866314 0.937441
vt 0.866314 0.897962
vt 0.889378 0.888409
vt 0.917293 0.916324
vt 0.746541 0.611927
vt 0.781622 0.527235
vt 0.866314 0.985118
vt 0.951006 0.950037
vt 0.815334 0.662907
vt 0.781622 0.696619
vt 0.781622 0.950037
vt 0.815334 0.916325
vt 0.843250 0.634991
vt 0.843250 0.888409
vt 0.866314 0.644544
vt 0.866314 0.684023
vt 0.794218 0.865345
vt 0.833697 0.865345
vt 0.866314 0.731700
vt 0.746541 0.865345
vt 0.917293 0.662907
vt 0.951006 0.696619
vt 0.781622 0.780653
vt 0.815334 0.814366
vt 0.889378 0.634991
vt 0.843250 0.842281
vt 0.898931 0.611927
vt 0.938410 0.611927
vt 0.866314 0.793249
vt 0.866314 0.832728
vt 0.986087 0.611927
vt 0.866314 0.745572
vt 0.917294 0.560947
vt 0.951006 0.527235
vt 0.951006 0.780653
vt 0.917294 0.814365
vt 0.889378 0.588863
vt 0.889378 0.842281
vt 0.866314 0.579310
vt 0.866314 0.539831
vt 0.938410 0.865345
vt 0.898931 0.865345
vt 0.866314 0.492154
vt 0.986087 0.865345
vt 0.866314 0.585461
vt 0.847600 0.593213
vt 0.892780 0.865345
vt 0.885028 0.884059
vt 0.885028 0.593213
vt 0.885028 0.846631
vt 0.892780 0.611927
vt 0.866314 0.838879
vt 0.885028 0.630641
vt 0.847600 0.846631
vt 0.866314 0.638393
vt 0.839848 0.865345
vt 0.847600 0.630641
vt 0.847600 0.884059
vt 0.839848 0.611927
vt 0.866314 0.891811
vt 0.866314 0.611927
vt 0.866314 0.865345
vt 0.520711 0.060503
vt 0.517028 0.068490
vt 0.500000 0.064527
vt 0.500000 0.054411
vt 0.482972 0.068490
vt 0.479289 0.060503
vt 0.530457 0.065062
vt 0.522612 0.070678
vt 0.477388 0.070678
vt 0.469543 0.065062
vt 0.532878 0.067822
vt 0.526301 0.079422
vt 0.473699 0.079422
vt 0.467122 0.067822
vt 0.544695 0.083023
vt 0.529228 0.091098
vt 0.470772 0.091098
vt 0.455305 0.083023
vt 0.565647 0.115495
vt 0.537536 0.127779
vt 0.462464 0.127779
vt 0.434353 0.115495
vt 0.586916 0.172042
vt 0.626605 0.208159
vt 0.600470 0.238288
vt 0.535885 0.215568
vt 0.399530 0.238288
vt 0.373395 0.208159
vt 0.413084 0.172042
vt 0.464115 0.215568
vt 0.650908 0.240294
vt 0.636962 0.261221
vt 0.363038 0.261221
vt 0.349092 0.240294
vt 0.689501 0.268805
vt 0.655896 0.284413
vt 0.344104 0.284413
vt 0.310499 0.268805
vt 0.684517 0.317795
vt 0.659507 0.313152
vt 0.340493 0.313152
vt 0.315483 0.317795
vt 0.671357 0.334694
vt 0.649107 0.322437
vt 0.350893 0.322437
vt 0.328643 0.334694
vt 0.636775 0.370732
vt 0.613636 0.353108
vt 0.386364 0.353108
vt 0.363225 0.370732
vt 0.602261 0.395588
vt 0.594178 0.371277
vt 0.405822 0.371277
vt 0.397739 0.395588
vt 0.581044 0.398468
vt 0.577351 0.373341
vt 0.422649 0.373341
vt 0.418956 0.398468
vt 0.532016 0.387365
vt 0.539817 0.354339
vt 0.460183 0.354339
vt 0.467984 0.387365
vt 0.500000 0.382860
vt 0.500000 0.340417
vt 0.559135 0.334326
vt 0.579057 0.335646
vt 0.420943 0.335646
vt 0.440865 0.334326
vt 0.592090 0.332885
vt 0.407910 0.332885
vt 0.606163 0.325516
vt 0.393837 0.325516
vt 0.628251 0.311636
vt 0.371749 0.311636
vt 0.635551 0.300507
vt 0.364449 0.300507
vt 0.631484 0.283889
vt 0.368516 0.283889
vt 0.611331 0.264411
vt 0.388669 0.264411
vt 0.592372 0.254897
vt 0.407628 0.254897
vt 0.559669 0.267717
vt 0.440331 0.267717
vt 0.550878 0.277832
vt 0.500000 0.252445
vt 0.449122 0.277832
vt 0.544001 0.314523
vt 0.455999 0.314523
vt 0.500000 0.295691
vt 0.543637 0.293371
vt 0.456363 0.293371
vt 0.506819 0.075382
vt 0.500000 0.073497
vt 0.493181 0.075382
vt 0.511782 0.080633
vt 0.488218 0.080633
vt 0.512172 0.093457
vt 0.487828 0.093457
vt 0.514257 0.133422
vt 0.513874 0.097191
vt 0.486126 0.097191
vt 0.485743 0.133422
vt 0.520226 0.164615
vt 0.500000 0.157864
vt 0.500000 0.134352
vt 0.479774 0.164615
vt 0.500000 0.100063
vt 0.500000 0.091346
vt 0.530258 0.180239
vt 0.521901 0.181560
vt 0.517666 0.172353
vt 0.482334 0.172353
vt 0.478099 0.181560
vt 0.469742 0.180239
vt 0.523673 0.198817
vt 0.518957 0.194728
vt 0.481043 0.194728
vt 0.476327 0.198817
vt 0.500000 0.203867
vt 0.508211 0.197295
vt 0.491789 0.197295
vt 0.500000 0.197278
vt 0.500000 0.192167
vt 0.500000 0.165170
vt 0.513538 0.176949
vt 0.500000 0.171718
vt 0.486462 0.176949
vt 0.500000 0.186182
vt 0.508818 0.192407
vt 0.491182 0.192407
vt 0.515232 0.190709
vt 0.484768 0.190709
vt 0.516908 0.181873
vt 0.483092 0.181873
vt 0.544209 0.172814
vt 0.455791 0.172814
vt 0.541327 0.154899
vt 0.458673 0.154899
vt 0.578661 0.139176
vt 0.421339 0.139176
vt 0.583245 0.154155
vt 0.416755 0.154155
vt 0.500000 0.089977
vt 0.509911 0.090724
vt 0.490089 0.090724
vt 0.509713 0.082236
vt 0.490287 0.082236
vt 0.505196 0.077083
vt 0.494804 0.077083
vt 0.500000 0.075473
vt 0.503445 0.080840
vt 0.500000 0.080320
vt 0.496555 0.080840
vt 0.506660 0.083289
vt 0.493340 0.083289
vt 0.506822 0.086791
vt 0.493178 0.086791
vt 0.500000 0.085637
vt 0.562361 0.284338
vt 0.559190 0.294882
vt 0.437639 0.284338
vt 0.440810 0.294882
vt 0.563180 0.307151
vt 0.436820 0.307151
vt 0.570458 0.318697
vt 0.429542 0.318697
vt 0.569243 0.278245
vt 0.430757 0.278245
vt 0.589914 0.271772
vt 0.410086 0.271772
vt 0.602190 0.277180
vt 0.397810 0.277180
vt 0.617110 0.287175
vt 0.382890 0.287175
vt 0.618074 0.299197
vt 0.381926 0.299197
vt 0.615871 0.307438
vt 0.384129 0.307438
vt 0.598424 0.313725
vt 0.401576 0.313725
vt 0.590828 0.319797
vt 0.409172 0.319797
vt 0.582130 0.320991
vt 0.417870 0.320991
vt 0.578615 0.309394
vt 0.583998 0.312892
vt 0.421385 0.309394
vt 0.416002 0.312892
vt 0.589656 0.312336
vt 0.410344 0.312336
vt 0.596347 0.309249
vt 0.403653 0.309249
vt 0.606014 0.302517
vt 0.393986 0.302517
vt 0.607735 0.297520
vt 0.392265 0.297520
vt 0.606985 0.291216
vt 0.393015 0.291216
vt 0.598275 0.283083
vt 0.401725 0.283083
vt 0.589866 0.280167
vt 0.410134 0.280167
vt 0.576352 0.284624
vt 0.423648 0.284624
vt 0.572831 0.289915
vt 0.427169 0.289915
vt 0.573307 0.303342
vt 0.426693 0.303342
vt 0.572447 0.295716
vt 0.427553 0.295716
vt 0.529647 0.428636
vt 0.500000 0.428636
vt 0.470353 0.428636
vt 0.584616 0.428636
vt 0.415384 0.428636
vt 0.622301 0.417889
vt 0.377699 0.417889
vt 0.666214 0.388954
vt 0.333786 0.388954
vt 0.701481 0.344467
vt 0.298519 0.344467
vt 0.712163 0.315527
vt 0.287837 0.315527
vt 0.704305 0.260225
vt 0.295695 0.260225
vt 0.672947 0.224880
vt 0.327053 0.224880
vt 0.640497 0.198841
vt 0.359503 0.198841
vt 0.603553 0.023452
vt 0.625128 0.029461
vt 0.635753 0.082198
vt 0.598617 0.056841
vt 0.364247 0.082198
vt 0.374872 0.029461
vt 0.396447 0.023452
vt 0.401383 0.056841
vt 0.546781 0.009442
vt 0.556354 0.040906
vt 0.453219 0.009442
vt 0.443646 0.040906
vt 0.500000 0.033223
vt 0.527159 0.049514
vt 0.472841 0.049514
vt 0.537222 0.060794
vt 0.462778 0.060794
vt 0.558499 0.065137
vt 0.441501 0.065137
vt 0.588127 0.085177
vt 0.411873 0.085177
vt 0.607239 0.113940
vt 0.392761 0.113940
vt 0.612663 0.133675
vt 0.605467 0.151503
vt 0.394533 0.151503
vt 0.387337 0.133675
vt 0.600708 0.162985
vt 0.399292 0.162985
vt 0.922374 0.064228
vt 0.859647 0.117994
vt 0.823287 0.101559
vt 0.861342 0.027230
vt 0.176713 0.101559
vt 0.140353 0.117994
vt 0.077626 0.064228
vt 0.138658 0.027230
vt 0.765863 0.087001
vt 0.774604 0.010837
vt 0.234137 0.087001
vt 0.225396 0.010837
vt 0.661952 0.087561
vt 0.647010 0.028716
vt 0.338048 0.087561
vt 0.352990 0.028716
vt 0.743592 0.198572
vt 0.766410 0.233065
vt 0.256408 0.198572
vt 0.233590 0.233065
vt 0.987633 0.154243
vt 0.889478 0.177602
vt 0.110522 0.177602
vt 0.012367 0.154243
vt 0.899807 0.420886
vt 0.844317 0.347370
vt 0.881169 0.309153
vt 0.958963 0.357385
vt 0.118831 0.309153
vt 0.155683 0.347370
vt 0.100193 0.420886
vt 0.041037 0.357385
vt 0.903302 0.261367
vt 0.999860 0.253531
vt 0.096698 0.261367
vt 0.000140 0.253531
vt 0.724763 0.340212
vt 0.744725 0.304629
vt 0.766113 0.319494
vt 0.255275 0.304629
vt 0.275237 0.340212
vt 0.233887 0.319494
vt 0.793427 0.280495
vt 0.826663 0.297810
vt 0.206573 0.280495
vt 0.173337 0.297810
vt 0.823620 0.254612
vt 0.855331 0.267956
vt 0.176380 0.254612
vt 0.144669 0.267956
vt 0.835860 0.225225
vt 0.868309 0.233525
vt 0.164140 0.225225
vt 0.131691 0.233525
vt 0.813499 0.190705
vt 0.851288 0.181145
vt 0.148712 0.181145
vt 0.186501 0.190705
vt 0.772263 0.374010
vt 0.227737 0.374010
vt 0.744519 0.390057
vt 0.255481 0.390057
vt 0.824765 0.470987
vt 0.175235 0.470987
vt 0.792141 0.464714
vt 0.742181 0.461543
vt 0.726855 0.432574
vt 0.273145 0.432574
vt 0.257819 0.461543
vt 0.207859 0.464714
vt 0.795638 0.489991
vt 0.204362 0.489991
vt 0.786137 0.227788
vt 0.213863 0.227788
vt 0.802950 0.203415
vt 0.197050 0.203415
vt 0.769334 0.128771
vt 0.691484 0.146686
vt 0.230666 0.128771
vt 0.308516 0.146686
vt 0.780113 0.169386
vt 0.219887 0.169386
vt 0.803789 0.171181
vt 0.830917 0.139518
vt 0.169083 0.139518
vt 0.196211 0.171181
vt 0.574628 0.959188
vt 0.464516 0.959188
vt 0.477326 0.891852
vt 0.545439 0.884582
vt 0.272900 0.891852
vt 0.285710 0.959188
vt 0.175598 0.959188
vt 0.204787 0.884582
vt 0.605134 0.846978
vt 0.715894 0.897069
vt 0.145092 0.846978
vt 0.034332 0.897069
vt 0.605360 0.784410
vt 0.683874 0.757011
vt 0.144866 0.784410
vt 0.066352 0.757011
vt 0.574835 0.744212
vt 0.617867 0.719156
vt 0.175391 0.744212
vt 0.132359 0.719156
vt 0.534996 0.712528
vt 0.568728 0.682132
vt 0.215230 0.712528
vt 0.181498 0.682132
vt 0.483006 0.686791
vt 0.508539 0.641024
vt 0.267220 0.686791
vt 0.241687 0.641024
vt 0.513415 0.736977
vt 0.478880 0.719593
vt 0.271346 0.719593
vt 0.236811 0.736977
vt 0.541117 0.760754
vt 0.209109 0.760754
vt 0.557599 0.789442
vt 0.192627 0.789442
vt 0.553841 0.821849
vt 0.196385 0.821849
vt 0.524671 0.842380
vt 0.225555 0.842380
vt 0.485193 0.845321
vt 0.265033 0.845321
vt 0.786150 0.181127
vt 0.770208 0.191225
vt 0.213850 0.181127
vt 0.229792 0.191225
vt 0.408153 0.587507
vt 0.409610 0.674022
vt 0.342073 0.587507
vt 0.340616 0.674022
vt 0.400301 0.910556
vt 0.414155 0.878318
vt 0.336071 0.878318
vt 0.349925 0.910556
vt 0.443630 0.713731
vt 0.306596 0.713731
vt 0.429725 0.728622
vt 0.392812 0.710774
vt 0.357414 0.710774
vt 0.320501 0.728622
vt 0.422979 0.754609
vt 0.432640 0.746527
vt 0.327247 0.754609
vt 0.317586 0.746527
vt 0.427719 0.796173
vt 0.391578 0.815187
vt 0.358648 0.815187
vt 0.322507 0.796173
vt 0.448277 0.830976
vt 0.301949 0.830976
vt 0.797710 0.195652
vt 0.802580 0.199758
vt 0.197420 0.199758
vt 0.202290 0.195652
vt 0.789609 0.184671
vt 0.210391 0.184671
vt 0.466042 0.804091
vt 0.490498 0.816075
vt 0.284184 0.804091
vt 0.259728 0.816075
vt 0.448042 0.783921
vt 0.302184 0.783921
vt 0.438745 0.764960
vt 0.311481 0.764960
vt 0.445216 0.756351
vt 0.305010 0.756351
vt 0.449819 0.743458
vt 0.300407 0.743458
vt 0.456307 0.732687
vt 0.293919 0.732687
vt 0.475471 0.740871
vt 0.274755 0.740871
vt 0.514211 0.817769
vt 0.236015 0.817769
vt 0.527961 0.808598
vt 0.222265 0.808598
vt 0.530079 0.790754
vt 0.220147 0.790754
vt 0.518620 0.772385
vt 0.231606 0.772385
vt 0.498668 0.755033
vt 0.251558 0.755033
vt 0.468029 0.756171
vt 0.459660 0.770459
vt 0.282197 0.756171
vt 0.290566 0.770459
vt 0.487167 0.769899
vt 0.477354 0.785393
vt 0.263059 0.769899
vt 0.272872 0.785393
vt 0.504617 0.782999
vt 0.496545 0.797122
vt 0.245609 0.782999
vt 0.253681 0.797122
vt 0.516137 0.792591
vt 0.513713 0.804019
vt 0.234089 0.792591
vt 0.236513 0.804019
vt 0.574269 0.607668
vt 0.613510 0.655816
vt 0.175957 0.607668
vt 0.136716 0.655816
vt 0.644031 0.693270
vt 0.106195 0.693270
vt 0.668163 0.712097
vt 0.082063 0.712097
vt 0.727131 0.698475
vt 0.676584 0.686010
vt 0.023095 0.698475
vt 0.073642 0.686010
vt 0.729804 0.624370
vt 0.667013 0.640198
vt 0.020422 0.624370
vt 0.083213 0.640198
vt 0.721292 0.572934
vt 0.648152 0.594596
vt 0.028934 0.572934
vt 0.102074 0.594596
vt 0.630034 0.557583
vt 0.717709 0.538143
vt 0.032517 0.538143
vt 0.120192 0.557583
vt 0.526877 0.539235
vt 0.223349 0.539235
s 0
f 1255/1408/922 1209/1409/922 1211/1410/922 1253/1411/922
f 1212/1412/923 1210/1413/923 1256/1414/923 1254/1415/923
f 1253/1411/924 1211/1410/924 1213/1416/924 1251/1417/924
f 1214/1418/925 1212/1412/925 1254/1415/925 1252/1419/925
f 1211/1410/926 1217/1420/926 1215/1421/926 1213/1416/926
f 1216/1422/927 1218/1423/927 1212/1412/927 1214/1418/927
f 1209/1409/928 1219/1424/928 1217/1420/928 1211/1410/928
f 1218/1423/929 1220/1425/929 1210/1413/929 1212/1412/929
f 1219/1424/930 1221/1426/930 1223/1427/930 1217/1420/930
f 1224/1428/931 1222/1429/931 1220/1425/931 1218/1423/931
f 1217/1420/932 1223/1427/932 1225/1430/932 1215/1421/932
f 1226/1431/933 1224/1428/933 1218/1423/933 1216/1422/933
f 1223/1427/934 1229/1432/934 1227/1433/934 1225/1430/934
f 1228/1434/935 1230/1435/935 1224/1428/935 1226/1431/935
f 1221/1426/936 1231/1436/936 1229/1432/936 1223/1427/936
f 1230/1435/937 1232/1437/937 1222/1429/937 1224/1428/937
f 1231/1436/938 1233/1438/938 1235/1439/938 1229/1432/938
f 1236/1440/939 1234/1441/939 1232/1437/939 1230/1435/939
f 1229/1432/940 1235/1439/940 1237/1442/940 1227/1433/940
f 1238/1443/941 1236/1440/941 1230/1435/941 1228/1434/941
f 1235/1439/942 1241/1444/942 1239/1445/942 1237/1442/942
f 1240/1446/943 1242/1447/943 1236/1440/943 1238/1443/943
f 1233/1438/944 1243/1448/944 1241/1444/944 1235/1439/944
f 1242/1447/945 1244/1449/945 1234/1441/945 1236/1440/945
f 1243/1448/946 1245/1450/946 1247/1451/946 1241/1444/946
f 1248/1452/947 1246/1453/947 1244/1449/947 1242/1447/947
f 1241/1444/948 1247/1451/948 1249/1454/948 1239/1445/948
f 1250/1455/949 1248/1452/949 1242/1447/949 1240/1446/949
f 1247/1451/950 1253/1411/950 1251/1417/950 1249/1454/950
f 1252/1419/951 1254/1415/951 1248/1452/951 1250/1455/951
f 1245/1450/952 1255/1408/952 1253/1411/952 1247/1451/952
f 1254/1415/953 1256/1414/953 1246/1453/953 1248/1452/953
f 1255/1408/954 1245/1450/954 1259/1456/954 1257/1457/954
f 1260/1458/955 1246/1453/955 1256/1414/955 1258/1459/955
f 1245/1450/956 1243/1448/956 1261/1460/956 1259/1456/956
f 1262/1461/957 1244/1449/957 1246/1453/957 1260/1458/957
f 1243/1448/958 1233/1438/958 1263/1462/958 1261/1460/958
f 1264/1463/959 1234/1441/959 1244/1449/959 1262/1461/959
f 1233/1438/960 1231/1436/960 1265/1464/960 1263/1462/960
f 1266/1465/961 1232/1437/961 1234/1441/961 1264/1463/961
f 1231/1436/962 1221/1426/962 1267/1466/962 1265/1464/962
f 1268/1467/963 1222/1429/963 1232/1437/963 1266/1465/963
f 1221/1426/964 1219/1424/964 1271/1468/964 1267/1466/964
f 1272/1469/965 1220/1425/965 1222/1429/965 1268/1467/965
f 1219/1424/966 1209/1409/966 1273/1470/966 1271/1468/966
f 1274/1471/967 1210/1413/967 1220/1425/967 1272/1469/967
f 1209/1409/968 1255/1408/968 1257/1457/968 1273/1470/968
f 1258/1459/969 1256/1414/969 1210/1413/969 1274/1471/969
f 1269/1472/970 1273/1470/970 1257/1457/970
f 1258/1459/971 1274/1471/971 1270/1473/971
f 1271/1468/972 1273/1470/972 1269/1472/972
f 1270/1473/973 1274/1471/973 1272/1469/973
f 1269/1472/974 1267/1466/974 1271/1468/974
f 1272/1469/975 1268/1467/975 1270/1473/975
f 1269/1472/976 1265/1464/976 1267/1466/976
f 1268/1467/977 1266/1465/977 1270/1473/977
f 1269/1472/978 1263/1462/978 1265/1464/978
f 1266/1465/979 1264/1463/979 1270/1473/979
f 1269/1472/980 1261/1460/980 1263/1462/980
f 1264/1463/981 1262/1461/981 1270/1473/981
f 1269/1472/982 1259/1456/982 1261/1460/982
f 1262/1461/983 1260/1458/983 1270/1473/983
f 1269/1472/984 1257/1457/984 1259/1456/984
f 1260/1458/985 1258/1459/985 1270/1473/985
f 1297/1474/986 1382/1475/986 1384/1476/986 1299/1477/986
f 1384/1476/987 1383/1478/987 1298/1479/987 1299/1477/987
f 1295/1480/988 1380/1481/988 1382/1475/988 1297/1474/988
f 1383/1478/989 1381/1482/989 1296/1483/989 1298/1479/989
f 1293/1484/990 1378/1485/990 1380/1481/990 1295/1480/990
f 1381/1482/991 1379/1486/991 1294/1487/991 1296/1483/991
f 1291/1488/992 1376/1489/992 1378/1485/992 1293/1484/992
f 1379/1486/993 1377/1490/993 1292/1491/993 1294/1487/993
f 1289/1492/994 1374/1493/994 1376/1489/994 1291/1488/994
f 1377/1490/995 1375/1494/995 1290/1495/995 1292/1491/995
f 1287/1496/996 1300/1497/996 1354/1498/996 1372/1499/996
f 1355/1500/997 1301/1501/997 1288/1502/997 1373/1503/997
f 1300/1497/998 1302/1504/998 1356/1505/998 1354/1498/998
f 1357/1506/999 1303/1507/999 1301/1501/999 1355/1500/999
f 1302/1504/1000 1304/1508/1000 1358/1509/1000 1356/1505/1000
f 1359/1510/1001 1305/1511/1001 1303/1507/1001 1357/1506/1001
f 1304/1508/1002 1306/1512/1002 1360/1513/1002 1358/1509/1002
f 1361/1514/1003 1307/1515/1003 1305/1511/1003 1359/1510/1003
f 1306/1512/1004 1308/1516/1004 1362/1517/1004 1360/1513/1004
f 1363/1518/1005 1309/1519/1005 1307/1515/1005 1361/1514/1005
f 1308/1516/1006 1310/1520/1006 1364/1521/1006 1362/1517/1006
f 1365/1522/1007 1311/1523/1007 1309/1519/1007 1363/1518/1007
f 1310/1520/1008 1312/1524/1008 1366/1525/1008 1364/1521/1008
f 1367/1526/1009 1313/1527/1009 1311/1523/1009 1365/1522/1009
f 1312/1524/1010 1314/1528/1010 1368/1529/1010 1366/1525/1010
f 1369/1530/1011 1315/1531/1011 1313/1527/1011 1367/1526/1011
f 1314/1528/1012 1316/1532/1012 1370/1533/1012 1368/1529/1012
f 1371/1534/1013 1317/1535/1013 1315/1531/1013 1369/1530/1013
f 1316/1532/1014 1275/1536/1014 1276/1537/1014 1370/1533/1014
f 1276/1537/1015 1275/1536/1015 1317/1535/1015 1371/1534/1015
f 1318/1538/1016 1336/1539/1016 1368/1529/1016 1370/1533/1016
f 1369/1530/1017 1337/1540/1017 1319/1541/1017 1371/1534/1017
f 1336/1539/1018 1387/1542/1018 1366/1525/1018 1368/1529/1018
f 1367/1526/1019 1388/1543/1019 1337/1540/1019 1369/1530/1019
f 1334/1544/1020 1364/1521/1020 1366/1525/1020 1387/1542/1020
f 1367/1526/1021 1365/1522/1021 1335/1545/1021 1388/1543/1021
f 1332/1546/1022 1362/1517/1022 1364/1521/1022 1334/1544/1022
f 1365/1522/1023 1363/1518/1023 1333/1547/1023 1335/1545/1023
f 1330/1548/1024 1360/1513/1024 1362/1517/1024 1332/1546/1024
f 1363/1518/1025 1361/1514/1025 1331/1549/1025 1333/1547/1025
f 1328/1550/1026 1358/1509/1026 1360/1513/1026 1330/1548/1026
f 1361/1514/1027 1359/1510/1027 1329/1551/1027 1331/1549/1027
f 1326/1552/1028 1356/1505/1028 1358/1509/1028 1328/1550/1028
f 1359/1510/1029 1357/1506/1029 1327/1553/1029 1329/1551/1029
f 1324/1554/1030 1354/1498/1030 1356/1505/1030 1326/1552/1030
f 1357/1506/1031 1355/1500/1031 1325/1555/1031 1327/1553/1031
f 1322/1556/1032 1372/1499/1032 1354/1498/1032 1324/1554/1032
f 1355/1500/1033 1373/1503/1033 1323/1557/1033 1325/1555/1033
f 1322/1556/1034 1389/1558/1034 1385/1559/1034 1372/1499/1034
f 1385/1559/1035 1390/1560/1035 1323/1557/1035 1373/1503/1035
f 1318/1538/1036 1370/1533/1036 1276/1537/1036 1320/1561/1036
f 1276/1537/1037 1371/1534/1037 1319/1541/1037 1321/1562/1037
f 1320/1561/1038 1276/1537/1038 1386/1563/1038 1391/1564/1038
f 1386/1563/1039 1276/1537/1039 1321/1562/1039 1392/1565/1039
f 1385/1559/1040 1389/1558/1040 1391/1564/1040 1386/1563/1040
f 1392/1565/1041 1390/1560/1041 1385/1559/1041 1386/1563/1041
f 1343/1566/1042 1345/1567/1042 1384/1476/1042 1382/1475/1042
f 1384/1476/1043 1345/1567/1043 1344/1568/1043 1383/1478/1043
f 1341/1569/1044 1343/1566/1044 1382/1475/1044 1380/1481/1044
f 1383/1478/1045 1344/1568/1045 1342/1570/1045 1381/1482/1045
f 1339/1571/1046 1341/1569/1046 1380/1481/1046 1378/1485/1046
f 1381/1482/1047 1342/1570/1047 1340/1572/1047 1379/1486/1047
f 1374/1493/1048 1395/1573/1048 1393/1574/1048 1376/1489/1048
f 1394/1575/1049 1396/1576/1049 1375/1494/1049 1377/1490/1049
f 1339/1571/1050 1378/1485/1050 1376/1489/1050 1393/1574/1050
f 1377/1490/1051 1379/1486/1051 1340/1572/1051 1394/1575/1051
f 1352/1577/1052 1398/1578/1052 1397/1579/1052 1395/1573/1052
f 1397/1579/1053 1398/1578/1053 1353/1580/1053 1396/1576/1053
f 1393/1574/1054 1395/1573/1054 1397/1579/1054 1277/1581/1054
f 1397/1579/1055 1396/1576/1055 1394/1575/1055 1277/1581/1055
f 1338/1582/1056 1339/1571/1056 1393/1574/1056 1277/1581/1056
f 1394/1575/1056 1340/1572/1056 1338/1582/1056 1277/1581/1056
f 1350/1583/1057 1401/1584/1057 1399/1585/1057 1352/1577/1057
f 1400/1586/1058 1402/1587/1058 1351/1588/1058 1353/1580/1058
f 1348/1589/1059 1403/1590/1059 1401/1584/1059 1350/1583/1059
f 1402/1587/1060 1404/1591/1060 1349/1592/1060 1351/1588/1060
f 1347/1593/1061 1405/1594/1061 1403/1590/1061 1348/1589/1061
f 1404/1591/1062 1406/1595/1062 1347/1593/1062 1349/1592/1062
f 1346/1596/1063 1279/1597/1063 1405/1594/1063 1347/1593/1063
f 1406/1595/1064 1279/1597/1064 1346/1596/1064 1347/1593/1064
f 1398/1578/1065 1352/1577/1065 1399/1585/1065 1278/1598/1065
f 1400/1586/1066 1353/1580/1066 1398/1578/1066 1278/1598/1066
f 1278/1598/1067 1399/1585/1067 1414/1599/1067 1416/1600/1067
f 1415/1601/1068 1400/1586/1068 1278/1598/1068 1416/1600/1068
f 1279/1597/1069 1407/1602/1069 1408/1603/1069 1405/1594/1069
f 1409/1604/1070 1407/1602/1070 1279/1597/1070 1406/1595/1070
f 1405/1594/1071 1408/1603/1071 1410/1605/1071 1403/1590/1071
f 1411/1606/1072 1409/1604/1072 1406/1595/1072 1404/1591/1072
f 1403/1590/1073 1410/1605/1073 1412/1607/1073 1401/1584/1073
f 1413/1608/1074 1411/1606/1074 1404/1591/1074 1402/1587/1074
f 1401/1584/1075 1412/1607/1075 1414/1599/1075 1399/1585/1075
f 1415/1601/1076 1413/1608/1076 1402/1587/1076 1400/1586/1076
f 1407/1602/1077 1412/1607/1077 1410/1605/1077 1408/1603/1077
f 1411/1606/1078 1413/1608/1078 1407/1602/1078 1409/1604/1078
f 1407/1602/1079 1416/1600/1079 1414/1599/1079 1412/1607/1079
f 1415/1601/1080 1416/1600/1080 1407/1602/1080 1413/1608/1080
f 1347/1593/1081 1348/1589/1081 1372/1499/1081 1385/1559/1081
f 1373/1503/1082 1349/1592/1082 1347/1593/1082 1385/1559/1082
f 1348/1589/1083 1350/1583/1083 1419/1609/1083 1372/1499/1083
f 1420/1610/1084 1351/1588/1084 1349/1592/1084 1373/1503/1084
f 1350/1583/1085 1352/1577/1085 1421/1611/1085 1419/1609/1085
f 1422/1612/1086 1353/1580/1086 1351/1588/1086 1420/1610/1086
f 1352/1577/1087 1395/1573/1087 1374/1493/1087 1421/1611/1087
f 1375/1494/1088 1396/1576/1088 1353/1580/1088 1422/1612/1088
f 1289/1492/1089 1417/1613/1089 1421/1611/1089 1374/1493/1089
f 1422/1612/1090 1418/1614/1090 1290/1495/1090 1375/1494/1090
f 1417/1613/1091 1423/1615/1091 1419/1609/1091 1421/1611/1091
f 1420/1610/1092 1424/1616/1092 1418/1614/1092 1422/1612/1092
f 1287/1496/1093 1372/1499/1093 1419/1609/1093 1423/1615/1093
f 1420/1610/1094 1373/1503/1094 1288/1502/1094 1424/1616/1094
f 1339/1571/1095 1338/1582/1095 1280/1617/1095 1430/1618/1095
f 1280/1617/1096 1338/1582/1096 1340/1572/1096 1431/1619/1096
f 1341/1569/1097 1339/1571/1097 1430/1618/1097 1428/1620/1097
f 1431/1619/1098 1340/1572/1098 1342/1570/1098 1429/1621/1098
f 1343/1566/1099 1341/1569/1099 1428/1620/1099 1426/1622/1099
f 1429/1621/1100 1342/1570/1100 1344/1568/1100 1427/1623/1100
f 1345/1567/1101 1343/1566/1101 1426/1622/1101 1425/1624/1101
f 1427/1623/1102 1344/1568/1102 1345/1567/1102 1425/1624/1102
f 1425/1624/1103 1426/1622/1103 1437/1625/1103 1439/1626/1103
f 1438/1627/1104 1427/1623/1104 1425/1624/1104 1439/1626/1104
f 1426/1622/1105 1428/1620/1105 1435/1628/1105 1437/1625/1105
f 1436/1629/1106 1429/1621/1106 1427/1623/1106 1438/1627/1106
f 1428/1620/1107 1430/1618/1107 1433/1630/1107 1435/1628/1107
f 1434/1631/1108 1431/1619/1108 1429/1621/1108 1436/1629/1108
f 1430/1618/1109 1280/1617/1109 1432/1632/1109 1433/1630/1109
f 1432/1632/1110 1280/1617/1110 1431/1619/1110 1434/1631/1110
f 1432/1632/1111 1439/1626/1111 1437/1625/1111 1433/1630/1111
f 1438/1627/1112 1439/1626/1112 1432/1632/1112 1434/1631/1112
f 1433/1630/1113 1437/1625/1113 1435/1628/1113
f 1436/1629/1114 1438/1627/1114 1434/1631/1114
f 1391/1564/1115 1389/1558/1115 1442/1633/1115 1440/1634/1115
f 1443/1635/1116 1390/1560/1116 1392/1565/1116 1441/1636/1116
f 1320/1561/1117 1391/1564/1117 1440/1634/1117 1462/1637/1117
f 1441/1636/1118 1392/1565/1118 1321/1562/1118 1463/1638/1118
f 1318/1538/1119 1320/1561/1119 1462/1637/1119 1464/1639/1119
f 1463/1638/1120 1321/1562/1120 1319/1541/1120 1465/1640/1120
f 1389/1558/1121 1322/1556/1121 1460/1641/1121 1442/1633/1121
f 1461/1642/1122 1323/1557/1122 1390/1560/1122 1443/1635/1122
f 1322/1556/1123 1324/1554/1123 1458/1643/1123 1460/1641/1123
f 1459/1644/1124 1325/1555/1124 1323/1557/1124 1461/1642/1124
f 1324/1554/1125 1326/1552/1125 1456/1645/1125 1458/1643/1125
f 1457/1646/1126 1327/1553/1126 1325/1555/1126 1459/1644/1126
f 1326/1552/1127 1328/1550/1127 1454/1647/1127 1456/1645/1127
f 1455/1648/1128 1329/1551/1128 1327/1553/1128 1457/1646/1128
f 1328/1550/1129 1330/1548/1129 1452/1649/1129 1454/1647/1129
f 1453/1650/1130 1331/1549/1130 1329/1551/1130 1455/1648/1130
f 1330/1548/1131 1332/1546/1131 1450/1651/1131 1452/1649/1131
f 1451/1652/1132 1333/1547/1132 1331/1549/1132 1453/1650/1132
f 1332/1546/1133 1334/1544/1133 1448/1653/1133 1450/1651/1133
f 1449/1654/1134 1335/1545/1134 1333/1547/1134 1451/1652/1134
f 1334/1544/1135 1387/1542/1135 1444/1655/1135 1448/1653/1135
f 1445/1656/1136 1388/1543/1136 1335/1545/1136 1449/1654/1136
f 1387/1542/1137 1336/1539/1137 1446/1657/1137 1444/1655/1137
f 1447/1658/1138 1337/1540/1138 1388/1543/1138 1445/1656/1138
f 1336/1539/1139 1318/1538/1139 1464/1639/1139 1446/1657/1139
f 1465/1640/1140 1319/1541/1140 1337/1540/1140 1447/1658/1140
f 1446/1657/1141 1464/1639/1141 1466/1659/1141 1484/1660/1141
f 1467/1661/1142 1465/1640/1142 1447/1658/1142 1485/1662/1142
f 1444/1655/1143 1446/1657/1143 1484/1660/1143 1486/1663/1143
f 1485/1662/1144 1447/1658/1144 1445/1656/1144 1487/1664/1144
f 1448/1653/1145 1444/1655/1145 1486/1663/1145 1482/1665/1145
f 1487/1664/1146 1445/1656/1146 1449/1654/1146 1483/1666/1146
f 1450/1651/1147 1448/1653/1147 1482/1665/1147 1480/1667/1147
f 1483/1666/1148 1449/1654/1148 1451/1652/1148 1481/1668/1148
f 1452/1649/1149 1450/1651/1149 1480/1667/1149 1478/1669/1149
f 1481/1668/1150 1451/1652/1150 1453/1650/1150 1479/1670/1150
f 1454/1647/1151 1452/1649/1151 1478/1669/1151 1476/1671/1151
f 1479/1670/1152 1453/1650/1152 1455/1648/1152 1477/1672/1152
f 1456/1645/1153 1454/1647/1153 1476/1671/1153 1474/1673/1153
f 1477/1672/1154 1455/1648/1154 1457/1646/1154 1475/1674/1154
f 1458/1643/1155 1456/1645/1155 1474/1673/1155 1472/1675/1155
f 1475/1674/1156 1457/1646/1156 1459/1644/1156 1473/1676/1156
f 1460/1641/1157 1458/1643/1157 1472/1675/1157 1470/1677/1157
f 1473/1676/1158 1459/1644/1158 1461/1642/1158 1471/1678/1158
f 1442/1633/1159 1460/1641/1159 1470/1677/1159 1488/1679/1159
f 1471/1678/1160 1461/1642/1160 1443/1635/1160 1489/1680/1160
f 1464/1639/1161 1462/1637/1161 1468/1681/1161 1466/1659/1161
f 1469/1682/1162 1463/1638/1162 1465/1640/1162 1467/1661/1162
f 1462/1637/1163 1440/1634/1163 1490/1683/1163 1468/1681/1163
f 1491/1684/1164 1441/1636/1164 1463/1638/1164 1469/1682/1164
f 1440/1634/1165 1442/1633/1165 1488/1679/1165 1490/1683/1165
f 1489/1680/1166 1443/1635/1166 1441/1636/1166 1491/1684/1166
f 1275/1536/1167 1316/1532/1167 1492/1685/1167 1281/1686/1167
f 1493/1687/1168 1317/1535/1168 1275/1536/1168 1281/1686/1168
f 1316/1532/1169 1314/1528/1169 1494/1688/1169 1492/1685/1169
f 1495/1689/1170 1315/1531/1170 1317/1535/1170 1493/1687/1170
f 1314/1528/1171 1312/1524/1171 1496/1690/1171 1494/1688/1171
f 1497/1691/1172 1313/1527/1172 1315/1531/1172 1495/1689/1172
f 1312/1524/1173 1310/1520/1173 1498/1692/1173 1496/1690/1173
f 1499/1693/1174 1311/1523/1174 1313/1527/1174 1497/1691/1174
f 1310/1520/1175 1308/1516/1175 1500/1694/1175 1498/1692/1175
f 1501/1695/1176 1309/1519/1176 1311/1523/1176 1499/1693/1176
f 1308/1516/1177 1306/1512/1177 1502/1696/1177 1500/1694/1177
f 1503/1697/1178 1307/1515/1178 1309/1519/1178 1501/1695/1178
f 1306/1512/1179 1304/1508/1179 1504/1698/1179 1502/1696/1179
f 1505/1699/1180 1305/1511/1180 1307/1515/1180 1503/1697/1180
f 1304/1508/1181 1302/1504/1181 1506/1700/1181 1504/1698/1181
f 1507/1701/1182 1303/1507/1182 1305/1511/1182 1505/1699/1182
f 1302/1504/1183 1300/1497/1183 1508/1702/1183 1506/1700/1183
f 1509/1703/1184 1301/1501/1184 1303/1507/1184 1507/1701/1184
f 1516/1704/1185 1517/1705/1185 1536/1706/1185 1546/1707/1185
f 1537/1708/1186 1517/1709/1186 1516/1710/1186 1547/1711/1186
f 1515/1712/1187 1516/1704/1187 1546/1707/1187 1544/1713/1187
f 1547/1711/1188 1516/1710/1188 1515/1714/1188 1545/1715/1188
f 1514/1716/1189 1515/1712/1189 1544/1713/1189 1548/1717/1189
f 1545/1715/1190 1515/1714/1190 1514/1716/1190 1549/1718/1190
f 1297/1474/1191 1299/1477/1191 1514/1716/1191 1548/1717/1191
f 1514/1716/1192 1299/1477/1192 1298/1479/1192 1549/1718/1192
f 1295/1480/1193 1297/1474/1193 1548/1717/1193 1542/1719/1193
f 1549/1718/1194 1298/1479/1194 1296/1483/1194 1543/1720/1194
f 1293/1484/1195 1295/1480/1195 1542/1719/1195 1538/1721/1195
f 1543/1720/1196 1296/1483/1196 1294/1487/1196 1539/1722/1196
f 1291/1488/1197 1293/1484/1197 1538/1721/1197 1540/1723/1197
f 1539/1722/1198 1294/1487/1198 1292/1491/1198 1541/1724/1198
f 1538/1721/1199 1544/1713/1199 1546/1707/1199 1540/1723/1199
f 1547/1711/1200 1545/1715/1200 1539/1722/1200 1541/1724/1200
f 1538/1721/1201 1542/1719/1201 1548/1717/1201 1544/1713/1201
f 1549/1718/1202 1543/1720/1202 1539/1722/1202 1545/1715/1202
f 1534/1725/1203 1540/1723/1203 1546/1707/1203 1536/1706/1203
f 1547/1711/1204 1541/1724/1204 1535/1726/1204 1537/1708/1204
f 1289/1492/1205 1291/1488/1205 1540/1723/1205 1534/1725/1205
f 1541/1724/1206 1292/1491/1206 1290/1495/1206 1535/1726/1206
f 1417/1613/1207 1550/1727/1207 1552/1728/1207 1423/1615/1207
f 1553/1729/1208 1551/1730/1208 1418/1614/1208 1424/1616/1208
f 1289/1492/1209 1534/1725/1209 1550/1727/1209 1417/1613/1209
f 1551/1730/1210 1535/1726/1210 1290/1495/1210 1418/1614/1210
f 1287/1496/1211 1423/1615/1211 1552/1728/1211 1554/1731/1211
f 1553/1729/1212 1424/1616/1212 1288/1502/1212 1555/1732/1212
f 1287/1496/1213 1554/1731/1213 1508/1702/1213 1300/1497/1213
f 1509/1703/1214 1555/1732/1214 1288/1502/1214 1301/1501/1214
f 1285/1733/1215 1532/1734/1215 1560/1735/1215 1512/1736/1215
f 1561/1737/1216 1533/1738/1216 1285/1739/1216 1512/1740/1216
f 1512/1736/1217 1560/1735/1217 1558/1741/1217 1286/1742/1217
f 1559/1743/1218 1561/1737/1218 1512/1740/1218 1286/1744/1218
f 1286/1742/1219 1558/1741/1219 1556/1745/1219 1513/1746/1219
f 1557/1747/1220 1559/1743/1220 1286/1744/1220 1513/1748/1220
f 1513/1746/1221 1556/1745/1221 1536/1706/1221 1517/1705/1221
f 1537/1708/1222 1557/1747/1222 1513/1748/1222 1517/1709/1222
f 1534/1725/1223 1536/1706/1223 1556/1745/1223 1550/1727/1223
f 1557/1747/1224 1537/1708/1224 1535/1726/1224 1551/1730/1224
f 1504/1698/1225 1506/1700/1225 1526/1749/1225 1518/1750/1225
f 1527/1751/1226 1507/1701/1226 1505/1699/1226 1519/1752/1226
f 1284/1753/1227 1524/1754/1227 1532/1734/1227 1285/1733/1227
f 1533/1738/1228 1525/1755/1228 1284/1756/1228 1285/1739/1228
f 1510/1757/1229 1566/1758/1229 1564/1759/1229 1511/1760/1229
f 1565/1761/1230 1567/1762/1230 1510/1763/1230 1511/1764/1230
f 1511/1760/1231 1564/1759/1231 1562/1765/1231 1283/1766/1231
f 1563/1767/1232 1565/1761/1232 1511/1764/1232 1283/1768/1232
f 1283/1766/1233 1562/1765/1233 1524/1754/1233 1284/1753/1233
f 1525/1755/1234 1563/1767/1234 1283/1768/1234 1284/1756/1234
f 1500/1769/1235 1502/1696/1235 1570/1770/1235 1572/1771/1235
f 1571/1772/1236 1503/1697/1236 1501/1773/1236 1573/1774/1236
f 1572/1771/1237 1570/1770/1237 1576/1775/1237 1574/1776/1237
f 1577/1777/1238 1571/1772/1238 1573/1774/1238 1575/1778/1238
f 1574/1776/1239 1576/1775/1239 1578/1779/1239 1580/1780/1239
f 1579/1781/1240 1577/1777/1240 1575/1778/1240 1581/1782/1240
f 1580/1780/1241 1578/1779/1241 1584/1783/1241 1582/1784/1241
f 1585/1785/1242 1579/1781/1242 1581/1782/1242 1583/1786/1242
f 1522/1787/1243 1586/1788/1243 1582/1784/1243 1584/1783/1243
f 1583/1786/1244 1587/1789/1244 1523/1790/1244 1585/1785/1244
f 1524/1754/1245 1562/1765/1245 1582/1784/1245 1586/1788/1245
f 1583/1786/1246 1563/1767/1246 1525/1755/1246 1587/1789/1246
f 1562/1765/1247 1564/1759/1247 1580/1780/1247 1582/1784/1247
f 1581/1782/1248 1565/1761/1248 1563/1767/1248 1583/1786/1248
f 1564/1759/1249 1566/1758/1249 1574/1776/1249 1580/1780/1249
f 1575/1778/1250 1567/1762/1250 1565/1761/1250 1581/1782/1250
f 1566/1758/1251 1568/1791/1251 1572/1771/1251 1574/1776/1251
f 1573/1774/1252 1569/1792/1252 1567/1762/1252 1575/1778/1252
f 1498/1793/1253 1500/1769/1253 1572/1771/1253 1568/1791/1253
f 1573/1774/1254 1501/1773/1254 1499/1794/1254 1569/1792/1254
f 1282/1795/1255 1568/1791/1255 1566/1758/1255 1510/1757/1255
f 1567/1762/1256 1569/1792/1256 1282/1796/1256 1510/1763/1256
f 1492/1797/1257 1494/1798/1257 1496/1799/1257 1498/1793/1257
f 1497/1800/1258 1495/1801/1258 1493/1802/1258 1499/1794/1258
f 1492/1797/1259 1498/1793/1259 1568/1791/1259 1282/1795/1259
f 1569/1792/1260 1499/1794/1260 1493/1802/1260 1282/1796/1260
f 1281/1803/1261 1492/1797/1261 1282/1795/1261
f 1282/1796/1262 1493/1802/1262 1281/1804/1262
f 1502/1696/1263 1504/1698/1263 1518/1750/1263 1570/1770/1263
f 1519/1752/1264 1505/1699/1264 1503/1697/1264 1571/1772/1264
f 1518/1750/1265 1520/1805/1265 1576/1775/1265 1570/1770/1265
f 1577/1777/1266 1521/1806/1266 1519/1752/1266 1571/1772/1266
f 1520/1805/1267 1590/1807/1267 1578/1779/1267 1576/1775/1267
f 1579/1781/1268 1591/1808/1268 1521/1806/1268 1577/1777/1268
f 1522/1787/1269 1584/1783/1269 1578/1779/1269 1590/1807/1269
f 1579/1781/1270 1585/1785/1270 1523/1790/1270 1591/1808/1270
f 1556/1745/1271 1558/1741/1271 1594/1809/1271 1592/1810/1271
f 1595/1811/1272 1559/1743/1272 1557/1747/1272 1593/1812/1272
f 1526/1749/1273 1592/1810/1273 1594/1809/1273 1528/1813/1273
f 1595/1811/1274 1593/1812/1274 1527/1751/1274 1529/1814/1274
f 1506/1700/1275 1508/1702/1275 1592/1810/1275 1526/1749/1275
f 1593/1812/1276 1509/1703/1276 1507/1701/1276 1527/1751/1276
f 1508/1702/1277 1552/1728/1277 1550/1727/1277 1592/1810/1277
f 1551/1730/1278 1553/1729/1278 1509/1703/1278 1593/1812/1278
f 1550/1727/1279 1556/1745/1279 1592/1810/1279
f 1593/1812/1280 1557/1747/1280 1551/1730/1280
f 1508/1702/1281 1554/1731/1281 1552/1728/1281
f 1553/1729/1282 1555/1732/1282 1509/1703/1282
f 1522/1787/1283 1530/1815/1283 1588/1816/1283 1586/1788/1283
f 1589/1817/1284 1531/1818/1284 1523/1790/1284 1587/1789/1284
f 1524/1754/1285 1586/1788/1285 1588/1816/1285 1532/1734/1285
f 1589/1817/1286 1587/1789/1286 1525/1755/1286 1533/1738/1286
f 1528/1813/1287 1594/1809/1287 1588/1816/1287 1530/1815/1287
f 1589/1817/1288 1595/1811/1288 1529/1814/1288 1531/1818/1288
f 1558/1741/1289 1560/1735/1289 1588/1816/1289 1594/1809/1289
f 1589/1817/1290 1561/1737/1290 1559/1743/1290 1595/1811/1290
f 1532/1734/1291 1588/1816/1291 1560/1735/1291
f 1561/1737/1292 1589/1817/1292 1533/1738/1292
f 1608/1819/1293 1596/1820/1293 1622/1821/1293 1610/1822/1293
f 1623/1823/1294 1597/1824/1294 1609/1825/1294 1611/1826/1294
f 1608/1819/1295 1610/1822/1295 1612/1827/1295 1606/1828/1295
f 1613/1829/1296 1611/1826/1296 1609/1825/1296 1607/1830/1296
f 1606/1828/1297 1612/1827/1297 1614/1831/1297 1604/1832/1297
f 1615/1833/1298 1613/1829/1298 1607/1830/1298 1605/1834/1298
f 1604/1832/1299 1614/1831/1299 1616/1835/1299 1602/1836/1299
f 1617/1837/1300 1615/1833/1300 1605/1834/1300 1603/1838/1300
f 1602/1836/1301 1616/1835/1301 1618/1839/1301 1600/1840/1301
f 1619/1841/1302 1617/1837/1302 1603/1838/1302 1601/1842/1302
f 1600/1840/1303 1618/1839/1303 1620/1843/1303 1598/1844/1303
f 1621/1845/1304 1619/1841/1304 1601/1842/1304 1599/1846/1304
f 1618/1839/1305 1628/1847/1305 1626/1848/1305 1620/1843/1305
f 1627/1849/1306 1629/1850/1306 1619/1841/1306 1621/1845/1306
f 1616/1835/1307 1630/1851/1307 1628/1847/1307 1618/1839/1307
f 1629/1850/1308 1631/1852/1308 1617/1837/1308 1619/1841/1308
f 1614/1831/1309 1632/1853/1309 1630/1851/1309 1616/1835/1309
f 1631/1852/1310 1633/1854/1310 1615/1833/1310 1617/1837/1310
f 1612/1827/1311 1634/1855/1311 1632/1853/1311 1614/1831/1311
f 1633/1854/1312 1635/1856/1312 1613/1829/1312 1615/1833/1312
f 1610/1822/1313 1636/1857/1313 1634/1855/1313 1612/1827/1313
f 1635/1856/1314 1637/1858/1314 1611/1826/1314 1613/1829/1314
f 1610/1822/1315 1622/1821/1315 1624/1859/1315 1636/1857/1315
f 1625/1860/1316 1623/1823/1316 1611/1826/1316 1637/1858/1316
f 1526/1749/1317 1528/1813/1317 1652/1861/1317 1650/1862/1317
f 1653/1863/1318 1529/1814/1318 1527/1751/1318 1651/1864/1318
f 1528/1865/1319 1598/1844/1319 1620/1843/1319 1652/1866/1319
f 1621/1845/1320 1599/1846/1320 1529/1867/1320 1653/1868/1320
f 1518/1750/1321 1526/1749/1321 1650/1862/1321 1520/1805/1321
f 1651/1864/1322 1527/1751/1322 1519/1752/1322 1521/1806/1322
f 1590/1869/1323 1638/1870/1323 1622/1821/1323 1596/1820/1323
f 1623/1823/1324 1639/1871/1324 1591/1872/1324 1597/1824/1324
f 1620/1843/1325 1626/1848/1325 1648/1873/1325 1652/1866/1325
f 1649/1874/1326 1627/1849/1326 1621/1845/1326 1653/1868/1326
f 1646/1875/1327 1654/1876/1327 1652/1866/1327 1648/1873/1327
f 1653/1868/1328 1655/1877/1328 1647/1878/1328 1649/1874/1328
f 1642/1879/1329 1654/1876/1329 1646/1875/1329 1644/1880/1329
f 1647/1878/1330 1655/1877/1330 1643/1881/1330 1645/1882/1330
f 1640/1883/1331 1656/1884/1331 1654/1876/1331 1642/1879/1331
f 1655/1877/1332 1657/1885/1332 1641/1886/1332 1643/1881/1332
f 1638/1870/1333 1656/1884/1333 1640/1883/1333 1658/1887/1333
f 1641/1886/1334 1657/1885/1334 1639/1871/1334 1659/1888/1334
f 1622/1821/1335 1638/1870/1335 1658/1887/1335 1624/1859/1335
f 1659/1888/1336 1639/1871/1336 1623/1823/1336 1625/1860/1336
f 1520/1805/1337 1656/1889/1337 1638/1890/1337 1590/1807/1337
f 1639/1891/1338 1657/1892/1338 1521/1806/1338 1591/1808/1338
f 1520/1805/1339 1650/1862/1339 1654/1893/1339 1656/1889/1339
f 1655/1894/1340 1651/1864/1340 1521/1806/1340 1657/1892/1340
f 1650/1862/1341 1652/1861/1341 1654/1893/1341
f 1655/1894/1342 1653/1863/1342 1651/1864/1342
f 1624/1859/1343 1658/1887/1343 1660/1895/1343 1684/1896/1343
f 1661/1897/1344 1659/1888/1344 1625/1860/1344 1685/1898/1344
f 1658/1887/1345 1640/1883/1345 1670/1899/1345 1660/1895/1345
f 1671/1900/1346 1641/1886/1346 1659/1888/1346 1661/1897/1346
f 1640/1883/1347 1642/1879/1347 1668/1901/1347 1670/1899/1347
f 1669/1902/1348 1643/1881/1348 1641/1886/1348 1671/1900/1348
f 1642/1879/1349 1644/1880/1349 1666/1903/1349 1668/1901/1349
f 1667/1904/1350 1645/1882/1350 1643/1881/1350 1669/1902/1350
f 1644/1880/1351 1646/1875/1351 1664/1905/1351 1666/1903/1351
f 1665/1906/1352 1647/1878/1352 1645/1882/1352 1667/1904/1352
f 1646/1875/1353 1648/1873/1353 1662/1907/1353 1664/1905/1353
f 1663/1908/1354 1649/1874/1354 1647/1878/1354 1665/1906/1354
f 1648/1873/1355 1626/1848/1355 1682/1909/1355 1662/1907/1355
f 1683/1910/1356 1627/1849/1356 1649/1874/1356 1663/1908/1356
f 1636/1857/1357 1624/1859/1357 1684/1896/1357 1672/1911/1357
f 1685/1898/1358 1625/1860/1358 1637/1858/1358 1673/1912/1358
f 1634/1855/1359 1636/1857/1359 1672/1911/1359 1674/1913/1359
f 1673/1912/1360 1637/1858/1360 1635/1856/1360 1675/1914/1360
f 1632/1853/1361 1634/1855/1361 1674/1913/1361 1676/1915/1361
f 1675/1914/1362 1635/1856/1362 1633/1854/1362 1677/1916/1362
f 1630/1851/1363 1632/1853/1363 1676/1915/1363 1678/1917/1363
f 1677/1916/1364 1633/1854/1364 1631/1852/1364 1679/1918/1364
f 1628/1847/1365 1630/1851/1365 1678/1917/1365 1680/1919/1365
f 1679/1918/1366 1631/1852/1366 1629/1850/1366 1681/1920/1366
f 1626/1848/1367 1628/1847/1367 1680/1919/1367 1682/1909/1367
f 1681/1920/1368 1629/1850/1368 1627/1849/1368 1683/1910/1368
f 1666/1903/1369 1664/1905/1369 1688/1921/1369 1686/1922/1369
f 1689/1923/1370 1665/1906/1370 1667/1904/1370 1687/1924/1370
f 1686/1922/1371 1688/1921/1371 1690/1925/1371 1692/1926/1371
f 1691/1927/1372 1689/1923/1372 1687/1924/1372 1693/1928/1372
f 1692/1926/1373 1690/1925/1373 1696/1929/1373 1694/1930/1373
f 1697/1931/1374 1691/1927/1374 1693/1928/1374 1695/1932/1374
f 1694/1930/1375 1696/1929/1375 1698/1933/1375 1700/1934/1375
f 1699/1935/1376 1697/1931/1376 1695/1932/1376 1701/1936/1376
f 1672/1911/1377 1684/1896/1377 1694/1930/1377 1700/1934/1377
f 1695/1932/1378 1685/1898/1378 1673/1912/1378 1701/1936/1378
f 1660/1895/1379 1692/1926/1379 1694/1930/1379 1684/1896/1379
f 1695/1932/1380 1693/1928/1380 1661/1897/1380 1685/1898/1380
f 1660/1895/1381 1670/1899/1381 1686/1922/1381 1692/1926/1381
f 1687/1924/1382 1671/1900/1382 1661/1897/1382 1693/1928/1382
f 1666/1903/1383 1686/1922/1383 1670/1899/1383 1668/1901/1383
f 1671/1900/1384 1687/1924/1384 1667/1904/1384 1669/1902/1384
f 1662/1907/1385 1682/1909/1385 1688/1921/1385 1664/1905/1385
f 1689/1923/1386 1683/1910/1386 1663/1908/1386 1665/1906/1386
f 1680/1919/1387 1690/1925/1387 1688/1921/1387 1682/1909/1387
f 1689/1923/1388 1691/1927/1388 1681/1920/1388 1683/1910/1388
f 1678/1917/1389 1696/1929/1389 1690/1925/1389 1680/1919/1389
f 1691/1927/1390 1697/1931/1390 1679/1918/1390 1681/1920/1390
f 1676/1915/1391 1698/1933/1391 1696/1929/1391 1678/1917/1391
f 1697/1931/1392 1699/1935/1392 1677/1916/1392 1679/1918/1392
f 1674/1913/1393 1700/1934/1393 1698/1933/1393 1676/1915/1393
f 1699/1935/1394 1701/1936/1394 1675/1914/1394 1677/1916/1394
f 1672/1911/1395 1700/1934/1395 1674/1913/1395
f 1675/1914/1396 1701/1936/1396 1673/1912/1396
f 1600/1840/1397 1598/1844/1397 1712/1937/1397 1710/1938/1397
f 1713/1939/1398 1599/1846/1398 1601/1842/1398 1711/1940/1398
f 1602/1836/1399 1600/1840/1399 1710/1938/1399 1708/1941/1399
f 1711/1940/1400 1601/1842/1400 1603/1838/1400 1709/1942/1400
f 1604/1832/1401 1602/1836/1401 1708/1941/1401 1706/1943/1401
f 1709/1942/1402 1603/1838/1402 1605/1834/1402 1707/1944/1402
f 1606/1945/1403 1604/1832/1403 1706/1943/1403 1704/1946/1403
f 1707/1944/1404 1605/1834/1404 1607/1947/1404 1705/1948/1404
f 1608/1949/1405 1606/1945/1405 1704/1946/1405 1702/1950/1405
f 1705/1948/1406 1607/1947/1406 1609/1951/1406 1703/1952/1406
f 1596/1953/1407 1608/1949/1407 1702/1950/1407 1714/1954/1407
f 1703/1952/1408 1609/1951/1408 1597/1955/1408 1715/1956/1408
f 1702/1950/1409 1710/1938/1409 1712/1937/1409 1714/1954/1409
f 1713/1939/1410 1711/1940/1410 1703/1952/1410 1715/1956/1410
f 1702/1950/1411 1704/1946/1411 1708/1941/1411 1710/1938/1411
f 1709/1942/1412 1705/1948/1412 1703/1952/1412 1711/1940/1412
f 1704/1946/1413 1706/1943/1413 1708/1941/1413
f 1709/1942/1414 1707/1944/1414 1705/1948/1414
f 1522/1957/1415 1590/1958/1415 1596/1953/1415 1714/1954/1415
f 1597/1955/1416 1591/1959/1416 1523/1960/1416 1715/1956/1416
f 1522/1957/1417 1714/1954/1417 1712/1937/1417 1530/1961/1417
f 1713/1939/1418 1715/1956/1418 1523/1960/1418 1531/1962/1418
f 1528/1865/1419 1530/1961/1419 1712/1937/1419 1598/1844/1419
f 1713/1939/1420 1531/1962/1420 1529/1867/1420 1599/1846/1420
